"","Gene","Organism","seq","Substrate","value"
"1","ORAS","Fungi","MAASTVAGELGLSITGLGVQYPPYSLGPDAIDILSKRYHPESPAMKKVLAINRYTGIDQRSSIGNPDHPLVNKPNPPTVK
 ELHEVFMSDGVPLAVEASRKAMAEARLVPAQITHMVSTTCTDSANPGYDHYVAKELGLSDRLEKVLLHGIGCSGGLAALR
 TAANLCLGHTARGKPARILVLALEVSTTMVRSELESIDALQETRIGIALFSDCASAVILSNGIGEAPGKPAIYDLLGWEN
 RVIPDSEHDLGFDVDPMGWKVVLSPRVPVLAKASLQPTYADLLSSLQDQLPSSYQKPADFDWAMHPGGATILSGAESAMG
 LTPEHMRASYDRYINHGNSSSATIFSVLNRLREKDMDALAPGGKVKEYVVGCAFGPGINVEMCMLKRRMPARTTTGLD
 TPPETDDSEGPGPGSSAGSDDGESIEGGEKEEKFINEALDNVELD","arachidoyl-coa","1"
"6","SmPKS","Fungi","MAASTAPGELGLSITGLGVQYPPYSLGPDCLDILSKRYYPESPAMKKVLAINRYTGIDQRSSIGNPDHPLVNQPNSPTVD
 ELHKVFMSDGVPLAVEASRKAMAEARVEPNQITHMVSTTCTDSANPGYDHFVAKELGLSDRLEKVLLHGIGCSGGLAALR
 TAANLCLGHKARGKPARILVLALEVSTIMVRSELESILQETRIGIALFSDCASAVVLSNGIGEEPGKPAIYDLLGWEN
 RVIPDSEHDLGFDVDPMGWKVVLSPRVPVLAKASLQPTYTDLLSSFQDQLPSSYQKPADFDWAMHPGGATILSGAESAMG
 LTPEHMRASYDTYINHGNSSSATIFSVLNRLREKDMDALAPDGKVKEYIVGCAFGPGINVEMCMLKRRMNCPTTTTTGLD
 TPPETDDSEGPGPGSSAGSEDGESIEGDKEDKKEKFISEALDNVELD","arachidoyl-coa","1"
"7","CtPKS","Fungi","MVADALVYHPAVSHYLKFVGTTVGRDKILRTLQYFARFYAWYLLRTNKPKTAIQPWEAMKKQFGLVRKVLRAGKNVEHFK
 AAAVAYDAKTGRLAEDPVLRYATIGRQLGYAGYLTLDLATLLDATGIRKSKHAKALQQEAYRFWLVGLACSVVAQLYTLW
 QLRRREAKVDRKEGEGVVEAKTIAKERVVSQLQLTSDLCDLTVPLAGLGWVPIDDGFVGLAGTLSSLIGVYNQWKKTALL
 EGCVLTSPQKENILLDQATIRPSGAPAESRRPSAALMASSKGLEGLGLSIVGLARQYPPYSLKPDALEVLSKRFYSQTAV
 MSKVLSINRYTGIEQRSSIGTPDHPLVNQPNPPTITQLHEVFMSDGVPLAVAAARKALQEAHVAPSQVTHMVSTTCTDSA
 NPGYDHFVAQELGLSYNVEKVLLHGVGCSGGLAALRTAANLCLGHSCRGLPARILVVALEITTTLVRSELESILNQTR
 IGVTLFSDCAGVLVLSNNFTSPSHPPPSPPIYSLLTWYHTTIPSTESDLGFDIDPTGWKVVLSPAVPRLTQSALLPAFHS
 LLPDHLLSTLPENYRSPADFDWAMHPGGSTILTGAEQVLGITSLHMRASYDTYIRHGNSSSATMMSVLDRLREKDMDELA
 PPCGSDSSGTGRGGFNDGKDKGASKGKPREYIIGCAFGPGISVEMCLLKRHFAGPRRVNSTPGMETPPETESELSLEGSD
 SDSKSDRDDEMTGKHGSPDSAKPPQKNNEGFISEALESPEVD","arachidoyl-coa","1"
"15","ARAS1","Plant","MPGATTAAIVDSRRGTQHSEGPATILAIGTANPENIMFQDNFADYYFGLTKSEHLTELKE
 KMKRICHKSGIEKRYIHLDAELISVHPEIIDKHLPSLETRVDIVATEVPKLAESAARKAI
 AEWGRPATDITHLIFSTYSGCRAPSADLQLASLLGLRPSVSRTILSLHGCSGGGRALQLA
 KEIAENNRGARVLIACSELTLICFSTPDESKIIGHGLFGDGAGAVIVGADPSVDGECPLF
 EMVAASQTMIPGTEHALGMQATSSGIDFHLSIQVPTLIKDNIHQCLLFRSVGNTDPNW
 NDLFWAVHPGGRAILDNIEDKLQLHPCKLAASRQVLSEYGNMSGATIAFVLDELRRRREK
 EQDIQQQPEWGVLLAFGPGVTIESIVLRNPLSRGLKEN","arachidoyl-coa","1"
"16","ARAS2","Plant","MPGAATTAAVVDSRRSAQRAEGPATIIAIGTANPANIVPQDNFADYYFGLTKSEHLTELK
 DKMKRICKKSGIEKRYIHLDEEIIRAHPEIIDKHQPSLEARVEIAAAEVPKLAESAARKA
 IAKWGRPATDITHLIFSTYSGCRAPSADLQLASLLGLRPSVSRTILSLHGCSGGGRALQL
 AKELAENNRGARVLVALSELTLVCFSTPDESKIVGHGLFGDGAGAIIVGAGPFSDGECPL
 FEMVAASQTMIPGTEHALGMQATSTGIDFHLSVQVPMLIKDNIQQSLLESFQSVGYTDPD
 WNNLFWAVHPGGRAILDNIEGKLQLQPWKLAASRQVLREFGNMSGATIAFVLDELCHRRE
 KDEDESQQHEWGVMLAFGPGITIETIVMRNPLARGLKQN","arachidoyl-coa","1"
"18","ArsB","bacterial","MSSPHVLTGFTPVQLAKPVPQALTLELSAYAFARAYCIKNGVGTDDEAGFAKVYQSVKEKFDKYALSS AQIKRRQLIFFPKVSDIHFANGHVDIAAPEHAYLKLYDMATDPRGSDLKVRHESYAKVVDQGLERMFQDS AEAPDDLIHVTCSGYLSPSPVERMAADRGWFETTVTHSYHMGCYGAFPAIKMAHGMLSSSRFGVTPVKHR VDIVHTELLSAHNNIVDARAENIITMTLFADGLIKYSVLSEEELHRQGGHGLRVLAMNEHLLPDSADEMT WVPGSHQFLMTLTPMVPVVIKRHVRDFVVKLLERAGIDYERERLELTFAIHPGGPKIVEHIQEDLGLSDE QVAISKSVFLENGNMSSATIPHILKQVLEEVDVGTRVLCLGFGPGLTVTGMVLEKI","arachidoyl-coa","1"
"19","ArsC","bacterial","MNDMAHPNSAVLADFIPVQLAKPVPQRITLELTAYGFARAHCLSNGITDEEGFVQVYKTVKEKFDKYAVS PAQIKQRQLVYFPKLTDIRFGDGNFDIADPEPDQAHLRLFDIKKDPRGADLKTRHESYAKVVGKGLEQMF EGTLEAPDDLIHVTCSGYLAPSPAERMVADRGWFETTVTHSYNMGCYGAFPAIKMAHGMLASAQWGATPP KTRVDIAHTELMSAHNNIAESRVDNIISATLFSDGLIKYSVYPEDELRRQGLRGLRILAMSEHLLPDSAD TMTGVPGSHQFVMTLSPLVPAIIKRHVRAFAVDLLRRAGMDFERDKDALSFAIHPGGPKIVDHVQEELGL AEDQVAISKSVFLENGNMSSSTIPHILKAYLEEATVGTRIACLGFGPGLTAAGLVLEKI","arachidoyl-coa","1"
"21","BpsA","bacterial","MAFILSIGTSLPAYNVNQEKAAEFARYMFQHSFKDIDRLLSSFKNGQIHSRQFVKPIEWY KEGHSFEEKNQIYIEETLKHSRAAVRECLSHPEFFQEAIPYEKVEAVFFVSSTGLSTPSI EARLMNELPFSPYTKRIPIWGLGCAGGASGLARAAEYCKAYPEAFVLVISAELCSLTFQP EDKTKSNLIGTSLFGDGIAAALLCGEKADRRVSKLKLAPKIMDAQSVLMKQSEDVMGWDF TDQGFKVIFSRDIPTLVEKWLKTNVQIFLDKHKLSFHDISVFLAHPGGKKVIDAYIKSLG LSSEKLSSAQSILQKHGNMSSATILYVIKDHLQNGHKKEAERGLIGALGPGFSSELLLFS WEKGA","arachidoyl-coa","1"
"26","ORAS","Fungi","MAASTVAGELGLSITGLGVQYPPYSLGPDAIDILSKRYHPESPAMKKVLAINRYTGIDQRSSIGNPDHPLVNKPNPPTVK
 ELHEVFMSDGVPLAVEASRKAMAEARLVPAQITHMVSTTCTDSANPGYDHYVAKELGLSDRLEKVLLHGIGCSGGLAALR
 TAANLCLGHTARGKPARILVLALEVSTTMVRSELESIDALQETRIGIALFSDCASAVILSNGIGEAPGKPAIYDLLGWEN
 RVIPDSEHDLGFDVDPMGWKVVLSPRVPVLAKASLQPTYADLLSSLQDQLPSSYQKPADFDWAMHPGGATILSGAESAMG
 LTPEHMRASYDRYINHGNSSSATIFSVLNRLREKDMDALAPGGKVKEYVVGCAFGPGINVEMCMLKRRMPARTTTGLD
 TPPETDDSEGPGPGSSAGSDDGESIEGGEKEEKFINEALDNVELD","stearoyl-coa","1"
"28","An-CsyA","Fungi","MAPLIHGTSPPEIRNHSDDSLSKRAVSVVGTGAHYPPHELRSDELEKLISAFHDPNDPAVRKTLYVNEKSRIQTRRAAVP
 FDDPFWSDPKLPDIAECDVLFRKYGVPVAEEAARKALADWNGSFNDLTHVVVVTCTNTANPGLDYMICERLGLRKNVQRT
 LLHGVGCAGGAAALRTANELLLGAAFQGKPGRALVVACEICMIFFRSMLEDIVKAQEANVAMTLFGDGAGAMVLSNGICP
 KTSERAPLWNILNCRTTLLEDSASSIQFNIRPHGYDPVITKEVPGQTSAALPSGFQDLISSTPSLYSDKSNFDPSSYDWA
 LHPGGYSIAVLAQLGITEHHLRKTYEVYRSRGNTSSSTVISVINELAREQGTSESGRDKVIVAAFGPGITMELAVMAR
 PA","stearoyl-coa","0"
"29","BPKS","Fungi","MSNSTEGQQQQSASQHGFGSLNLSIVGLGVEYPPFLLEPADLDTLTKRHYPDSPAMKKVCTINNFTGIETRSAIGTVD
 HPMANMDRAPTIAELCSIFLKDGVALAVTACRKALHEAHLHPSDITHVVSTTCTNSANPGYDHFVCKALGITQPVEKVLL
 HGIGCSGGLASLRTAANLALGHSFRGKKARVLVMALEISSLLVRSELDSVHELQETRIGVTLFSDCASACVLSNGIGGTG
 EEESVYDLLGWEHKMIPDTEHDLGFDVDPLGWKVILSPRVPKLAAEAVSPIYHSLISNLPSLPSEYHNPADFDWALHPGG
 ATILTGVEKAMSISAEHMRASYDTYMKHGNSSSATIFSVLDRLRSKEMDGLTPNNRGPKEMIVGCAFGPGIAVEMCMLKR
 NLDHVKREWDGGVQSGVGGDITPPLTESEGTGSGNGSEGEVEAEDLKKVKEEGEKLDQKLKMVEPGVLEQKLGEGGKV
 NENEKLDSLEEALDGVELD","stearoyl-coa","1"
"31","SmPKS","Fungi","MAASTAPGELGLSITGLGVQYPPYSLGPDCLDILSKRYYPESPAMKKVLAINRYTGIDQRSSIGNPDHPLVNQPNSPTVD
 ELHKVFMSDGVPLAVEASRKAMAEARVEPNQITHMVSTTCTDSANPGYDHFVAKELGLSDRLEKVLLHGIGCSGGLAALR
 TAANLCLGHKARGKPARILVLALEVSTIMVRSELESILQETRIGIALFSDCASAVVLSNGIGEEPGKPAIYDLLGWEN
 RVIPDSEHDLGFDVDPMGWKVVLSPRVPVLAKASLQPTYTDLLSSFQDQLPSSYQKPADFDWAMHPGGATILSGAESAMG
 LTPEHMRASYDTYINHGNSSSATIFSVLNRLREKDMDALAPDGKVKEYIVGCAFGPGINVEMCMLKRRMNCPTTTTTGLD
 TPPETDDSEGPGPGSSAGSEDGESIEGDKEDKKEKFISEALDNVELD","stearoyl-coa","1"
"32","CtPKS","Fungi","MVADALVYHPAVSHYLKFVGTTVGRDKILRTLQYFARFYAWYLLRTNKPKTAIQPWEAMKKQFGLVRKVLRAGKNVEHFK
 AAAVAYDAKTGRLAEDPVLRYATIGRQLGYAGYLTLDLATLLDATGIRKSKHAKALQQEAYRFWLVGLACSVVAQLYTLW
 QLRRREAKVDRKEGEGVVEAKTIAKERVVSQLQLTSDLCDLTVPLAGLGWVPIDDGFVGLAGTLSSLIGVYNQWKKTALL
 EGCVLTSPQKENILLDQATIRPSGAPAESRRPSAALMASSKGLEGLGLSIVGLARQYPPYSLKPDALEVLSKRFYSQTAV
 MSKVLSINRYTGIEQRSSIGTPDHPLVNQPNPPTITQLHEVFMSDGVPLAVAAARKALQEAHVAPSQVTHMVSTTCTDSA
 NPGYDHFVAQELGLSYNVEKVLLHGVGCSGGLAALRTAANLCLGHSCRGLPARILVVALEITTTLVRSELESILNQTR
 IGVTLFSDCAGVLVLSNNFTSPSHPPPSPPIYSLLTWYHTTIPSTESDLGFDIDPTGWKVVLSPAVPRLTQSALLPAFHS
 LLPDHLLSTLPENYRSPADFDWAMHPGGSTILTGAEQVLGITSLHMRASYDTYIRHGNSSSATMMSVLDRLREKDMDELA
 PPCGSDSSGTGRGGFNDGKDKGASKGKPREYIIGCAFGPGISVEMCLLKRHFAGPRRVNSTPGMETPPETESELSLEGSD
 SDSKSDRDDEMTGKHGSPDSAKPPQKNNEGFISEALESPEVD","stearoyl-coa","1"
"35","FiPKS","Fungi","MAAPSAFGELGLSIIGLSAEYPPHSLDYTCLNTLGDKFYPDTPAMKKVLGINRYTGIDTR
 SSIGTPDHPAVNKKEAPSIAELHSIFQSDGVPLAIRAARKAIDEAKIDTRFITHIVATTC
 TDSANPGFDHFVAKGLGITHGVEKVLLHGVGCSGGLATLRTGANLALGHKARGLPARVLC
 VALEVSTTMVRSELDSINELQETRIGACLFSDCGSAVVLSNGIGEPSEPVYDLLGWDHRT
 IPDTEDDLGFDVDPVGWKVILTPRVPKLTAASIGPAFTDLKASLPQLPPDYQKAADFDWA
 MHPGGATILSGAEKVMDITPEHQRASYDTYINHGNSSSATIFSVMDRLRSKEMMAPDG
 RVRDYVVGCAFGPGITVEMCMLKRNMTPRTDITGLQTPPETPAETETEPSEAGDGGEWGT
 ENSGSPAERNSVSESQDQYTKFIAESLESLDLD","stearoyl-coa","1"
"40","ARAS1","Plant","MPGATTAAIVDSRRGTQHSEGPATILAIGTANPENIMFQDNFADYYFGLTKSEHLTELKE
 KMKRICHKSGIEKRYIHLDAELISVHPEIIDKHLPSLETRVDIVATEVPKLAESAARKAI
 AEWGRPATDITHLIFSTYSGCRAPSADLQLASLLGLRPSVSRTILSLHGCSGGGRALQLA
 KEIAENNRGARVLIACSELTLICFSTPDESKIIGHGLFGDGAGAVIVGADPSVDGECPLF
 EMVAASQTMIPGTEHALGMQATSSGIDFHLSIQVPTLIKDNIHQCLLFRSVGNTDPNW
 NDLFWAVHPGGRAILDNIEDKLQLHPCKLAASRQVLSEYGNMSGATIAFVLDELRRRREK
 EQDIQQQPEWGVLLAFGPGVTIESIVLRNPLSRGLKEN","stearoyl-coa","1"
"41","ARAS2","Plant","MPGAATTAAVVDSRRSAQRAEGPATIIAIGTANPANIVPQDNFADYYFGLTKSEHLTELK
 DKMKRICKKSGIEKRYIHLDEEIIRAHPEIIDKHQPSLEARVEIAAAEVPKLAESAARKA
 IAKWGRPATDITHLIFSTYSGCRAPSADLQLASLLGLRPSVSRTILSLHGCSGGGRALQL
 AKELAENNRGARVLVALSELTLVCFSTPDESKIVGHGLFGDGAGAIIVGAGPFSDGECPL
 FEMVAASQTMIPGTEHALGMQATSTGIDFHLSVQVPMLIKDNIQQSLLESFQSVGYTDPD
 WNNLFWAVHPGGRAILDNIEGKLQLQPWKLAASRQVLREFGNMSGATIAFVLDELCHRRE
 KDEDESQQHEWGVMLAFGPGITIETIVMRNPLARGLKQN","stearoyl-coa","1"
"43","ArsB","bacterial","MSSPHVLTGFTPVQLAKPVPQALTLELSAYAFARAYCIKNGVGTDDEAGFAKVYQSVKEKFDKYALSS AQIKRRQLIFFPKVSDIHFANGHVDIAAPEHAYLKLYDMATDPRGSDLKVRHESYAKVVDQGLERMFQDS AEAPDDLIHVTCSGYLSPSPVERMAADRGWFETTVTHSYHMGCYGAFPAIKMAHGMLSSSRFGVTPVKHR VDIVHTELLSAHNNIVDARAENIITMTLFADGLIKYSVLSEEELHRQGGHGLRVLAMNEHLLPDSADEMT WVPGSHQFLMTLTPMVPVVIKRHVRDFVVKLLERAGIDYERERLELTFAIHPGGPKIVEHIQEDLGLSDE QVAISKSVFLENGNMSSATIPHILKQVLEEVDVGTRVLCLGFGPGLTVTGMVLEKI","stearoyl-coa","1"
"44","ArsC","bacterial","MNDMAHPNSAVLADFIPVQLAKPVPQRITLELTAYGFARAHCLSNGITDEEGFVQVYKTVKEKFDKYAVS PAQIKQRQLVYFPKLTDIRFGDGNFDIADPEPDQAHLRLFDIKKDPRGADLKTRHESYAKVVGKGLEQMF EGTLEAPDDLIHVTCSGYLAPSPAERMVADRGWFETTVTHSYNMGCYGAFPAIKMAHGMLASAQWGATPP KTRVDIAHTELMSAHNNIAESRVDNIISATLFSDGLIKYSVYPEDELRRQGLRGLRILAMSEHLLPDSAD TMTGVPGSHQFVMTLSPLVPAIIKRHVRAFAVDLLRRAGMDFERDKDALSFAIHPGGPKIVDHVQEELGL AEDQVAISKSVFLENGNMSSSTIPHILKAYLEEATVGTRIACLGFGPGLTAAGLVLEKI","stearoyl-coa","1"
"46","BpsA","bacterial","MAFILSIGTSLPAYNVNQEKAAEFARYMFQHSFKDIDRLLSSFKNGQIHSRQFVKPIEWY KEGHSFEEKNQIYIEETLKHSRAAVRECLSHPEFFQEAIPYEKVEAVFFVSSTGLSTPSI EARLMNELPFSPYTKRIPIWGLGCAGGASGLARAAEYCKAYPEAFVLVISAELCSLTFQP EDKTKSNLIGTSLFGDGIAAALLCGEKADRRVSKLKLAPKIMDAQSVLMKQSEDVMGWDF TDQGFKVIFSRDIPTLVEKWLKTNVQIFLDKHKLSFHDISVFLAHPGGKKVIDAYIKSLG LSSEKLSSAQSILQKHGNMSSATILYVIKDHLQNGHKKEAERGLIGALGPGFSSELLLFS WEKGA","stearoyl-coa","1"
"51","ORAS","Fungi","MAASTVAGELGLSITGLGVQYPPYSLGPDAIDILSKRYHPESPAMKKVLAINRYTGIDQRSSIGNPDHPLVNKPNPPTVK
 ELHEVFMSDGVPLAVEASRKAMAEARLVPAQITHMVSTTCTDSANPGYDHYVAKELGLSDRLEKVLLHGIGCSGGLAALR
 TAANLCLGHTARGKPARILVLALEVSTTMVRSELESIDALQETRIGIALFSDCASAVILSNGIGEAPGKPAIYDLLGWEN
 RVIPDSEHDLGFDVDPMGWKVVLSPRVPVLAKASLQPTYADLLSSLQDQLPSSYQKPADFDWAMHPGGATILSGAESAMG
 LTPEHMRASYDRYINHGNSSSATIFSVLNRLREKDMDALAPGGKVKEYVVGCAFGPGINVEMCMLKRRMPARTTTGLD
 TPPETDDSEGPGPGSSAGSDDGESIEGGEKEEKFINEALDNVELD","palmitoyl-coa","1"
"53","An-CsyA","Fungi","MAPLIHGTSPPEIRNHSDDSLSKRAVSVVGTGAHYPPHELRSDELEKLISAFHDPNDPAVRKTLYVNEKSRIQTRRAAVP
 FDDPFWSDPKLPDIAECDVLFRKYGVPVAEEAARKALADWNGSFNDLTHVVVVTCTNTANPGLDYMICERLGLRKNVQRT
 LLHGVGCAGGAAALRTANELLLGAAFQGKPGRALVVACEICMIFFRSMLEDIVKAQEANVAMTLFGDGAGAMVLSNGICP
 KTSERAPLWNILNCRTTLLEDSASSIQFNIRPHGYDPVITKEVPGQTSAALPSGFQDLISSTPSLYSDKSNFDPSSYDWA
 LHPGGYSIAVLAQLGITEHHLRKTYEVYRSRGNTSSSTVISVINELAREQGTSESGRDKVIVAAFGPGITMELAVMAR
 PA","palmitoyl-coa","0"
"54","BPKS","Fungi","MSNSTEGQQQQSASQHGFGSLNLSIVGLGVEYPPFLLEPADLDTLTKRHYPDSPAMKKVCTINNFTGIETRSAIGTVD
 HPMANMDRAPTIAELCSIFLKDGVALAVTACRKALHEAHLHPSDITHVVSTTCTNSANPGYDHFVCKALGITQPVEKVLL
 HGIGCSGGLASLRTAANLALGHSFRGKKARVLVMALEISSLLVRSELDSVHELQETRIGVTLFSDCASACVLSNGIGGTG
 EEESVYDLLGWEHKMIPDTEHDLGFDVDPLGWKVILSPRVPKLAAEAVSPIYHSLISNLPSLPSEYHNPADFDWALHPGG
 ATILTGVEKAMSISAEHMRASYDTYMKHGNSSSATIFSVLDRLRSKEMDGLTPNNRGPKEMIVGCAFGPGIAVEMCMLKR
 NLDHVKREWDGGVQSGVGGDITPPLTESEGTGSGNGSEGEVEAEDLKKVKEEGEKLDQKLKMVEPGVLEQKLGEGGKV
 NENEKLDSLEEALDGVELD","palmitoyl-coa","1"
"56","SmPKS","Fungi","MAASTAPGELGLSITGLGVQYPPYSLGPDCLDILSKRYYPESPAMKKVLAINRYTGIDQRSSIGNPDHPLVNQPNSPTVD
 ELHKVFMSDGVPLAVEASRKAMAEARVEPNQITHMVSTTCTDSANPGYDHFVAKELGLSDRLEKVLLHGIGCSGGLAALR
 TAANLCLGHKARGKPARILVLALEVSTIMVRSELESILQETRIGIALFSDCASAVVLSNGIGEEPGKPAIYDLLGWEN
 RVIPDSEHDLGFDVDPMGWKVVLSPRVPVLAKASLQPTYTDLLSSFQDQLPSSYQKPADFDWAMHPGGATILSGAESAMG
 LTPEHMRASYDTYINHGNSSSATIFSVLNRLREKDMDALAPDGKVKEYIVGCAFGPGINVEMCMLKRRMNCPTTTTTGLD
 TPPETDDSEGPGPGSSAGSEDGESIEGDKEDKKEKFISEALDNVELD","palmitoyl-coa","1"
"57","CtPKS","Fungi","MVADALVYHPAVSHYLKFVGTTVGRDKILRTLQYFARFYAWYLLRTNKPKTAIQPWEAMKKQFGLVRKVLRAGKNVEHFK
 AAAVAYDAKTGRLAEDPVLRYATIGRQLGYAGYLTLDLATLLDATGIRKSKHAKALQQEAYRFWLVGLACSVVAQLYTLW
 QLRRREAKVDRKEGEGVVEAKTIAKERVVSQLQLTSDLCDLTVPLAGLGWVPIDDGFVGLAGTLSSLIGVYNQWKKTALL
 EGCVLTSPQKENILLDQATIRPSGAPAESRRPSAALMASSKGLEGLGLSIVGLARQYPPYSLKPDALEVLSKRFYSQTAV
 MSKVLSINRYTGIEQRSSIGTPDHPLVNQPNPPTITQLHEVFMSDGVPLAVAAARKALQEAHVAPSQVTHMVSTTCTDSA
 NPGYDHFVAQELGLSYNVEKVLLHGVGCSGGLAALRTAANLCLGHSCRGLPARILVVALEITTTLVRSELESILNQTR
 IGVTLFSDCAGVLVLSNNFTSPSHPPPSPPIYSLLTWYHTTIPSTESDLGFDIDPTGWKVVLSPAVPRLTQSALLPAFHS
 LLPDHLLSTLPENYRSPADFDWAMHPGGSTILTGAEQVLGITSLHMRASYDTYIRHGNSSSATMMSVLDRLREKDMDELA
 PPCGSDSSGTGRGGFNDGKDKGASKGKPREYIIGCAFGPGISVEMCLLKRHFAGPRRVNSTPGMETPPETESELSLEGSD
 SDSKSDRDDEMTGKHGSPDSAKPPQKNNEGFISEALESPEVD","palmitoyl-coa","1"
"59","NuPKS","Fungi","MPSAAVNPTPPHTPVLATTPTSPHAYAASSSHILGIGTAFPQDLLYPQGLEDFATKWCEP
 SESLSKTLMVNNHTQINHRPLVQRITDPLLNQEEPPKIRDVNKVFMEKGVDLALAAAKKA
 LADWGGSLDDITHLVCNTCTASSYPGYDHAVLMALDLPLSTDRTLLHGVGCAGGLSLVRL
 AHQLSRVPVDRSPTSKPNRILIISTEVTSTLCRSEIDELNKASKAPDGDKGWPNVSLCLF
 SDGASAMIVGTADSEGHLHEQSSFEILDCITETVPDTVEDLGFNVDEYGWKAIISQRV
 PKLTSQAVPQLYNRLMSRSPLAIRAKLSKDLSYLASPPSETQPNTLDWMIHPGGSLIISK
 IEKELGLSCEDHTQASWNVYQNNGNTSSVSIGAVIERSREVQDREGCVAVAFGPGVTVEM
 CLLRRTGWRGSKTENGQSSVKVNGSNGDAAASGHDIQVNGGWEKDKPTATETPETRAEKY
 ADLGIHEESSATDKAHTAAGQRLKRKPDSDLAEIISSNKRSKTENKPDNGDNKVAP","palmitoyl-coa","1"
"65","ARAS1","Plant","MPGATTAAIVDSRRGTQHSEGPATILAIGTANPENIMFQDNFADYYFGLTKSEHLTELKE
 KMKRICHKSGIEKRYIHLDAELISVHPEIIDKHLPSLETRVDIVATEVPKLAESAARKAI
 AEWGRPATDITHLIFSTYSGCRAPSADLQLASLLGLRPSVSRTILSLHGCSGGGRALQLA
 KEIAENNRGARVLIACSELTLICFSTPDESKIIGHGLFGDGAGAVIVGADPSVDGECPLF
 EMVAASQTMIPGTEHALGMQATSSGIDFHLSIQVPTLIKDNIHQCLLFRSVGNTDPNW
 NDLFWAVHPGGRAILDNIEDKLQLHPCKLAASRQVLSEYGNMSGATIAFVLDELRRRREK
 EQDIQQQPEWGVLLAFGPGVTIESIVLRNPLSRGLKEN","palmitoyl-coa","1"
"66","ARAS2","Plant","MPGAATTAAVVDSRRSAQRAEGPATIIAIGTANPANIVPQDNFADYYFGLTKSEHLTELK
 DKMKRICKKSGIEKRYIHLDEEIIRAHPEIIDKHQPSLEARVEIAAAEVPKLAESAARKA
 IAKWGRPATDITHLIFSTYSGCRAPSADLQLASLLGLRPSVSRTILSLHGCSGGGRALQL
 AKELAENNRGARVLVALSELTLVCFSTPDESKIVGHGLFGDGAGAIIVGAGPFSDGECPL
 FEMVAASQTMIPGTEHALGMQATSTGIDFHLSVQVPMLIKDNIQQSLLESFQSVGYTDPD
 WNNLFWAVHPGGRAILDNIEGKLQLQPWKLAASRQVLREFGNMSGATIAFVLDELCHRRE
 KDEDESQQHEWGVMLAFGPGITIETIVMRNPLARGLKQN","palmitoyl-coa","1"
"68","ArsB","bacterial","MSSPHVLTGFTPVQLAKPVPQALTLELSAYAFARAYCIKNGVGTDDEAGFAKVYQSVKEKFDKYALSS AQIKRRQLIFFPKVSDIHFANGHVDIAAPEHAYLKLYDMATDPRGSDLKVRHESYAKVVDQGLERMFQDS AEAPDDLIHVTCSGYLSPSPVERMAADRGWFETTVTHSYHMGCYGAFPAIKMAHGMLSSSRFGVTPVKHR VDIVHTELLSAHNNIVDARAENIITMTLFADGLIKYSVLSEEELHRQGGHGLRVLAMNEHLLPDSADEMT WVPGSHQFLMTLTPMVPVVIKRHVRDFVVKLLERAGIDYERERLELTFAIHPGGPKIVEHIQEDLGLSDE QVAISKSVFLENGNMSSATIPHILKQVLEEVDVGTRVLCLGFGPGLTVTGMVLEKI","palmitoyl-coa","1"
"69","ArsC","bacterial","MNDMAHPNSAVLADFIPVQLAKPVPQRITLELTAYGFARAHCLSNGITDEEGFVQVYKTVKEKFDKYAVS PAQIKQRQLVYFPKLTDIRFGDGNFDIADPEPDQAHLRLFDIKKDPRGADLKTRHESYAKVVGKGLEQMF EGTLEAPDDLIHVTCSGYLAPSPAERMVADRGWFETTVTHSYNMGCYGAFPAIKMAHGMLASAQWGATPP KTRVDIAHTELMSAHNNIAESRVDNIISATLFSDGLIKYSVYPEDELRRQGLRGLRILAMSEHLLPDSAD TMTGVPGSHQFVMTLSPLVPAIIKRHVRAFAVDLLRRAGMDFERDKDALSFAIHPGGPKIVDHVQEELGL AEDQVAISKSVFLENGNMSSSTIPHILKAYLEEATVGTRIACLGFGPGLTAAGLVLEKI","palmitoyl-coa","1"
"71","BpsA","bacterial","MAFILSIGTSLPAYNVNQEKAAEFARYMFQHSFKDIDRLLSSFKNGQIHSRQFVKPIEWY KEGHSFEEKNQIYIEETLKHSRAAVRECLSHPEFFQEAIPYEKVEAVFFVSSTGLSTPSI EARLMNELPFSPYTKRIPIWGLGCAGGASGLARAAEYCKAYPEAFVLVISAELCSLTFQP EDKTKSNLIGTSLFGDGIAAALLCGEKADRRVSKLKLAPKIMDAQSVLMKQSEDVMGWDF TDQGFKVIFSRDIPTLVEKWLKTNVQIFLDKHKLSFHDISVFLAHPGGKKVIDAYIKSLG LSSEKLSSAQSILQKHGNMSSATILYVIKDHLQNGHKKEAERGLIGALGPGFSSELLLFS WEKGA","palmitoyl-coa","1"
"76","ORAS","Fungi","MAASTVAGELGLSITGLGVQYPPYSLGPDAIDILSKRYHPESPAMKKVLAINRYTGIDQRSSIGNPDHPLVNKPNPPTVK
 ELHEVFMSDGVPLAVEASRKAMAEARLVPAQITHMVSTTCTDSANPGYDHYVAKELGLSDRLEKVLLHGIGCSGGLAALR
 TAANLCLGHTARGKPARILVLALEVSTTMVRSELESIDALQETRIGIALFSDCASAVILSNGIGEAPGKPAIYDLLGWEN
 RVIPDSEHDLGFDVDPMGWKVVLSPRVPVLAKASLQPTYADLLSSLQDQLPSSYQKPADFDWAMHPGGATILSGAESAMG
 LTPEHMRASYDRYINHGNSSSATIFSVLNRLREKDMDALAPGGKVKEYVVGCAFGPGINVEMCMLKRRMPARTTTGLD
 TPPETDDSEGPGPGSSAGSDDGESIEGGEKEEKFINEALDNVELD","myristoyl-coa","1"
"78","An-CsyA","Fungi","MAPLIHGTSPPEIRNHSDDSLSKRAVSVVGTGAHYPPHELRSDELEKLISAFHDPNDPAVRKTLYVNEKSRIQTRRAAVP
 FDDPFWSDPKLPDIAECDVLFRKYGVPVAEEAARKALADWNGSFNDLTHVVVVTCTNTANPGLDYMICERLGLRKNVQRT
 LLHGVGCAGGAAALRTANELLLGAAFQGKPGRALVVACEICMIFFRSMLEDIVKAQEANVAMTLFGDGAGAMVLSNGICP
 KTSERAPLWNILNCRTTLLEDSASSIQFNIRPHGYDPVITKEVPGQTSAALPSGFQDLISSTPSLYSDKSNFDPSSYDWA
 LHPGGYSIAVLAQLGITEHHLRKTYEVYRSRGNTSSSTVISVINELAREQGTSESGRDKVIVAAFGPGITMELAVMAR
 PA","myristoyl-coa","1"
"79","BPKS","Fungi","MSNSTEGQQQQSASQHGFGSLNLSIVGLGVEYPPFLLEPADLDTLTKRHYPDSPAMKKVCTINNFTGIETRSAIGTVD
 HPMANMDRAPTIAELCSIFLKDGVALAVTACRKALHEAHLHPSDITHVVSTTCTNSANPGYDHFVCKALGITQPVEKVLL
 HGIGCSGGLASLRTAANLALGHSFRGKKARVLVMALEISSLLVRSELDSVHELQETRIGVTLFSDCASACVLSNGIGGTG
 EEESVYDLLGWEHKMIPDTEHDLGFDVDPLGWKVILSPRVPKLAAEAVSPIYHSLISNLPSLPSEYHNPADFDWALHPGG
 ATILTGVEKAMSISAEHMRASYDTYMKHGNSSSATIFSVLDRLRSKEMDGLTPNNRGPKEMIVGCAFGPGIAVEMCMLKR
 NLDHVKREWDGGVQSGVGGDITPPLTESEGTGSGNGSEGEVEAEDLKKVKEEGEKLDQKLKMVEPGVLEQKLGEGGKV
 NENEKLDSLEEALDGVELD","myristoyl-coa","1"
"90","ARAS1","Plant","MPGATTAAIVDSRRGTQHSEGPATILAIGTANPENIMFQDNFADYYFGLTKSEHLTELKE
 KMKRICHKSGIEKRYIHLDAELISVHPEIIDKHLPSLETRVDIVATEVPKLAESAARKAI
 AEWGRPATDITHLIFSTYSGCRAPSADLQLASLLGLRPSVSRTILSLHGCSGGGRALQLA
 KEIAENNRGARVLIACSELTLICFSTPDESKIIGHGLFGDGAGAVIVGADPSVDGECPLF
 EMVAASQTMIPGTEHALGMQATSSGIDFHLSIQVPTLIKDNIHQCLLFRSVGNTDPNW
 NDLFWAVHPGGRAILDNIEDKLQLHPCKLAASRQVLSEYGNMSGATIAFVLDELRRRREK
 EQDIQQQPEWGVLLAFGPGVTIESIVLRNPLSRGLKEN","myristoyl-coa","1"
"91","ARAS2","Plant","MPGAATTAAVVDSRRSAQRAEGPATIIAIGTANPANIVPQDNFADYYFGLTKSEHLTELK
 DKMKRICKKSGIEKRYIHLDEEIIRAHPEIIDKHQPSLEARVEIAAAEVPKLAESAARKA
 IAKWGRPATDITHLIFSTYSGCRAPSADLQLASLLGLRPSVSRTILSLHGCSGGGRALQL
 AKELAENNRGARVLVALSELTLVCFSTPDESKIVGHGLFGDGAGAIIVGAGPFSDGECPL
 FEMVAASQTMIPGTEHALGMQATSTGIDFHLSVQVPMLIKDNIQQSLLESFQSVGYTDPD
 WNNLFWAVHPGGRAILDNIEGKLQLQPWKLAASRQVLREFGNMSGATIAFVLDELCHRRE
 KDEDESQQHEWGVMLAFGPGITIETIVMRNPLARGLKQN","myristoyl-coa","1"
"93","ArsB","bacterial","MSSPHVLTGFTPVQLAKPVPQALTLELSAYAFARAYCIKNGVGTDDEAGFAKVYQSVKEKFDKYALSS AQIKRRQLIFFPKVSDIHFANGHVDIAAPEHAYLKLYDMATDPRGSDLKVRHESYAKVVDQGLERMFQDS AEAPDDLIHVTCSGYLSPSPVERMAADRGWFETTVTHSYHMGCYGAFPAIKMAHGMLSSSRFGVTPVKHR VDIVHTELLSAHNNIVDARAENIITMTLFADGLIKYSVLSEEELHRQGGHGLRVLAMNEHLLPDSADEMT WVPGSHQFLMTLTPMVPVVIKRHVRDFVVKLLERAGIDYERERLELTFAIHPGGPKIVEHIQEDLGLSDE QVAISKSVFLENGNMSSATIPHILKQVLEEVDVGTRVLCLGFGPGLTVTGMVLEKI","myristoyl-coa","1"
"94","ArsC","bacterial","MNDMAHPNSAVLADFIPVQLAKPVPQRITLELTAYGFARAHCLSNGITDEEGFVQVYKTVKEKFDKYAVS PAQIKQRQLVYFPKLTDIRFGDGNFDIADPEPDQAHLRLFDIKKDPRGADLKTRHESYAKVVGKGLEQMF EGTLEAPDDLIHVTCSGYLAPSPAERMVADRGWFETTVTHSYNMGCYGAFPAIKMAHGMLASAQWGATPP KTRVDIAHTELMSAHNNIAESRVDNIISATLFSDGLIKYSVYPEDELRRQGLRGLRILAMSEHLLPDSAD TMTGVPGSHQFVMTLSPLVPAIIKRHVRAFAVDLLRRAGMDFERDKDALSFAIHPGGPKIVDHVQEELGL AEDQVAISKSVFLENGNMSSSTIPHILKAYLEEATVGTRIACLGFGPGLTAAGLVLEKI","myristoyl-coa","1"
"96","BpsA","bacterial","MAFILSIGTSLPAYNVNQEKAAEFARYMFQHSFKDIDRLLSSFKNGQIHSRQFVKPIEWY KEGHSFEEKNQIYIEETLKHSRAAVRECLSHPEFFQEAIPYEKVEAVFFVSSTGLSTPSI EARLMNELPFSPYTKRIPIWGLGCAGGASGLARAAEYCKAYPEAFVLVISAELCSLTFQP EDKTKSNLIGTSLFGDGIAAALLCGEKADRRVSKLKLAPKIMDAQSVLMKQSEDVMGWDF TDQGFKVIFSRDIPTLVEKWLKTNVQIFLDKHKLSFHDISVFLAHPGGKKVIDAYIKSLG LSSEKLSSAQSILQKHGNMSSATILYVIKDHLQNGHKKEAERGLIGALGPGFSSELLLFS WEKGA","myristoyl-coa","1"
"101","ORAS","Fungi","MAASTVAGELGLSITGLGVQYPPYSLGPDAIDILSKRYHPESPAMKKVLAINRYTGIDQRSSIGNPDHPLVNKPNPPTVK
 ELHEVFMSDGVPLAVEASRKAMAEARLVPAQITHMVSTTCTDSANPGYDHYVAKELGLSDRLEKVLLHGIGCSGGLAALR
 TAANLCLGHTARGKPARILVLALEVSTTMVRSELESIDALQETRIGIALFSDCASAVILSNGIGEAPGKPAIYDLLGWEN
 RVIPDSEHDLGFDVDPMGWKVVLSPRVPVLAKASLQPTYADLLSSLQDQLPSSYQKPADFDWAMHPGGATILSGAESAMG
 LTPEHMRASYDRYINHGNSSSATIFSVLNRLREKDMDALAPGGKVKEYVVGCAFGPGINVEMCMLKRRMPARTTTGLD
 TPPETDDSEGPGPGSSAGSDDGESIEGGEKEEKFINEALDNVELD","lauroyl-coa","1"
"102","AnPKS","Fungi","MGNTFSASPSDGQPPKQQVPLKGDEAVITGMGTEWPSRLVVPEELSDYAKKIYPDNPPWLKAMLKINTQTGIETRPVVDL
 WDDPRWLGTSPPTTEDVDTEFRKFSVELSKALKALRESNIEPSSITHIVSVTVTNGGAPGFDQLVARELGLSPTAERI
 LLSGIGCGGGCAALRVASTIASAATYRKQEARILVVACELCSIHLRAELHASSQSGMTGVAPALFSDGAAALVVCNPLGM
 SDKTPKQFAIVDQRTGVTPGTLDEMSYTVSTHGFLASISKNIPKLAVASIQAPFQSLIQSNGMSSASPTDFHWALHPGGK
 AVIQGAQDALNLPDDALAASKEIYRTKGNTSSVAVLAVLEKVRGLKLQSPNVVACSFGPGLTTEMTLLRRMV","lauroyl-coa","1"
"103","An-CsyA","Fungi","MAPLIHGTSPPEIRNHSDDSLSKRAVSVVGTGAHYPPHELRSDELEKLISAFHDPNDPAVRKTLYVNEKSRIQTRRAAVP
 FDDPFWSDPKLPDIAECDVLFRKYGVPVAEEAARKALADWNGSFNDLTHVVVVTCTNTANPGLDYMICERLGLRKNVQRT
 LLHGVGCAGGAAALRTANELLLGAAFQGKPGRALVVACEICMIFFRSMLEDIVKAQEANVAMTLFGDGAGAMVLSNGICP
 KTSERAPLWNILNCRTTLLEDSASSIQFNIRPHGYDPVITKEVPGQTSAALPSGFQDLISSTPSLYSDKSNFDPSSYDWA
 LHPGGYSIAVLAQLGITEHHLRKTYEVYRSRGNTSSSTVISVINELAREQGTSESGRDKVIVAAFGPGITMELAVMAR
 PA","lauroyl-coa","1"
"106","SmPKS","Fungi","MAASTAPGELGLSITGLGVQYPPYSLGPDCLDILSKRYYPESPAMKKVLAINRYTGIDQRSSIGNPDHPLVNQPNSPTVD
 ELHKVFMSDGVPLAVEASRKAMAEARVEPNQITHMVSTTCTDSANPGYDHFVAKELGLSDRLEKVLLHGIGCSGGLAALR
 TAANLCLGHKARGKPARILVLALEVSTIMVRSELESILQETRIGIALFSDCASAVVLSNGIGEEPGKPAIYDLLGWEN
 RVIPDSEHDLGFDVDPMGWKVVLSPRVPVLAKASLQPTYTDLLSSFQDQLPSSYQKPADFDWAMHPGGATILSGAESAMG
 LTPEHMRASYDTYINHGNSSSATIFSVLNRLREKDMDALAPDGKVKEYIVGCAFGPGINVEMCMLKRRMNCPTTTTTGLD
 TPPETDDSEGPGPGSSAGSEDGESIEGDKEDKKEKFISEALDNVELD","lauroyl-coa","1"
"107","CtPKS","Fungi","MVADALVYHPAVSHYLKFVGTTVGRDKILRTLQYFARFYAWYLLRTNKPKTAIQPWEAMKKQFGLVRKVLRAGKNVEHFK
 AAAVAYDAKTGRLAEDPVLRYATIGRQLGYAGYLTLDLATLLDATGIRKSKHAKALQQEAYRFWLVGLACSVVAQLYTLW
 QLRRREAKVDRKEGEGVVEAKTIAKERVVSQLQLTSDLCDLTVPLAGLGWVPIDDGFVGLAGTLSSLIGVYNQWKKTALL
 EGCVLTSPQKENILLDQATIRPSGAPAESRRPSAALMASSKGLEGLGLSIVGLARQYPPYSLKPDALEVLSKRFYSQTAV
 MSKVLSINRYTGIEQRSSIGTPDHPLVNQPNPPTITQLHEVFMSDGVPLAVAAARKALQEAHVAPSQVTHMVSTTCTDSA
 NPGYDHFVAQELGLSYNVEKVLLHGVGCSGGLAALRTAANLCLGHSCRGLPARILVVALEITTTLVRSELESILNQTR
 IGVTLFSDCAGVLVLSNNFTSPSHPPPSPPIYSLLTWYHTTIPSTESDLGFDIDPTGWKVVLSPAVPRLTQSALLPAFHS
 LLPDHLLSTLPENYRSPADFDWAMHPGGSTILTGAEQVLGITSLHMRASYDTYIRHGNSSSATMMSVLDRLREKDMDELA
 PPCGSDSSGTGRGGFNDGKDKGASKGKPREYIIGCAFGPGISVEMCLLKRHFAGPRRVNSTPGMETPPETESELSLEGSD
 SDSKSDRDDEMTGKHGSPDSAKPPQKNNEGFISEALESPEVD","lauroyl-coa","1"
"109","NuPKS","Fungi","MPSAAVNPTPPHTPVLATTPTSPHAYAASSSHILGIGTAFPQDLLYPQGLEDFATKWCEP
 SESLSKTLMVNNHTQINHRPLVQRITDPLLNQEEPPKIRDVNKVFMEKGVDLALAAAKKA
 LADWGGSLDDITHLVCNTCTASSYPGYDHAVLMALDLPLSTDRTLLHGVGCAGGLSLVRL
 AHQLSRVPVDRSPTSKPNRILIISTEVTSTLCRSEIDELNKASKAPDGDKGWPNVSLCLF
 SDGASAMIVGTADSEGHLHEQSSFEILDCITETVPDTVEDLGFNVDEYGWKAIISQRV
 PKLTSQAVPQLYNRLMSRSPLAIRAKLSKDLSYLASPPSETQPNTLDWMIHPGGSLIISK
 IEKELGLSCEDHTQASWNVYQNNGNTSSVSIGAVIERSREVQDREGCVAVAFGPGVTVEM
 CLLRRTGWRGSKTENGQSSVKVNGSNGDAAASGHDIQVNGGWEKDKPTATETPETRAEKY
 ADLGIHEESSATDKAHTAAGQRLKRKPDSDLAEIISSNKRSKTENKPDNGDNKVAP","lauroyl-coa","1"
"115","ARAS1","Plant","MPGATTAAIVDSRRGTQHSEGPATILAIGTANPENIMFQDNFADYYFGLTKSEHLTELKE
 KMKRICHKSGIEKRYIHLDAELISVHPEIIDKHLPSLETRVDIVATEVPKLAESAARKAI
 AEWGRPATDITHLIFSTYSGCRAPSADLQLASLLGLRPSVSRTILSLHGCSGGGRALQLA
 KEIAENNRGARVLIACSELTLICFSTPDESKIIGHGLFGDGAGAVIVGADPSVDGECPLF
 EMVAASQTMIPGTEHALGMQATSSGIDFHLSIQVPTLIKDNIHQCLLFRSVGNTDPNW
 NDLFWAVHPGGRAILDNIEDKLQLHPCKLAASRQVLSEYGNMSGATIAFVLDELRRRREK
 EQDIQQQPEWGVLLAFGPGVTIESIVLRNPLSRGLKEN","lauroyl-coa","1"
"116","ARAS2","Plant","MPGAATTAAVVDSRRSAQRAEGPATIIAIGTANPANIVPQDNFADYYFGLTKSEHLTELK
 DKMKRICKKSGIEKRYIHLDEEIIRAHPEIIDKHQPSLEARVEIAAAEVPKLAESAARKA
 IAKWGRPATDITHLIFSTYSGCRAPSADLQLASLLGLRPSVSRTILSLHGCSGGGRALQL
 AKELAENNRGARVLVALSELTLVCFSTPDESKIVGHGLFGDGAGAIIVGAGPFSDGECPL
 FEMVAASQTMIPGTEHALGMQATSTGIDFHLSVQVPMLIKDNIQQSLLESFQSVGYTDPD
 WNNLFWAVHPGGRAILDNIEGKLQLQPWKLAASRQVLREFGNMSGATIAFVLDELCHRRE
 KDEDESQQHEWGVMLAFGPGITIETIVMRNPLARGLKQN","lauroyl-coa","1"
"118","ArsB","bacterial","MSSPHVLTGFTPVQLAKPVPQALTLELSAYAFARAYCIKNGVGTDDEAGFAKVYQSVKEKFDKYALSS AQIKRRQLIFFPKVSDIHFANGHVDIAAPEHAYLKLYDMATDPRGSDLKVRHESYAKVVDQGLERMFQDS AEAPDDLIHVTCSGYLSPSPVERMAADRGWFETTVTHSYHMGCYGAFPAIKMAHGMLSSSRFGVTPVKHR VDIVHTELLSAHNNIVDARAENIITMTLFADGLIKYSVLSEEELHRQGGHGLRVLAMNEHLLPDSADEMT WVPGSHQFLMTLTPMVPVVIKRHVRDFVVKLLERAGIDYERERLELTFAIHPGGPKIVEHIQEDLGLSDE QVAISKSVFLENGNMSSATIPHILKQVLEEVDVGTRVLCLGFGPGLTVTGMVLEKI","lauroyl-coa","1"
"119","ArsC","bacterial","MNDMAHPNSAVLADFIPVQLAKPVPQRITLELTAYGFARAHCLSNGITDEEGFVQVYKTVKEKFDKYAVS PAQIKQRQLVYFPKLTDIRFGDGNFDIADPEPDQAHLRLFDIKKDPRGADLKTRHESYAKVVGKGLEQMF EGTLEAPDDLIHVTCSGYLAPSPAERMVADRGWFETTVTHSYNMGCYGAFPAIKMAHGMLASAQWGATPP KTRVDIAHTELMSAHNNIAESRVDNIISATLFSDGLIKYSVYPEDELRRQGLRGLRILAMSEHLLPDSAD TMTGVPGSHQFVMTLSPLVPAIIKRHVRAFAVDLLRRAGMDFERDKDALSFAIHPGGPKIVDHVQEELGL AEDQVAISKSVFLENGNMSSSTIPHILKAYLEEATVGTRIACLGFGPGLTAAGLVLEKI","lauroyl-coa","1"
"121","BpsA","bacterial","MAFILSIGTSLPAYNVNQEKAAEFARYMFQHSFKDIDRLLSSFKNGQIHSRQFVKPIEWY KEGHSFEEKNQIYIEETLKHSRAAVRECLSHPEFFQEAIPYEKVEAVFFVSSTGLSTPSI EARLMNELPFSPYTKRIPIWGLGCAGGASGLARAAEYCKAYPEAFVLVISAELCSLTFQP EDKTKSNLIGTSLFGDGIAAALLCGEKADRRVSKLKLAPKIMDAQSVLMKQSEDVMGWDF TDQGFKVIFSRDIPTLVEKWLKTNVQIFLDKHKLSFHDISVFLAHPGGKKVIDAYIKSLG LSSEKLSSAQSILQKHGNMSSATILYVIKDHLQNGHKKEAERGLIGALGPGFSSELLLFS WEKGA","lauroyl-coa","1"
"122","PhlD","bacterial","MSTLCLPHVMFPQHKITQQQMVDHLENLHADHPRMALAKRMIANTEVNERHLVLPIDELA
 VHTGFTHRSIVYEREARQMSSAAARQAIEGLQISDIRMVIVTSCTGFMMPSLTAHLIN
 DLALPTSTVQLPIAQLGCVAGAAAINRANDFARLDARNHVLIVSLEFSSLCYQPDDTKLH
 AFISAALFGDAVSACVLRADDQAGGFKIKKTESYFLPKSEHYIKYDVKDTGFHFTLDKAV
 MNSIKDVAPVMERLNYESFEQNCAHNDFFIFHTGGRKILDELVMHLDLASNRVSQSRSSL
 SEAGNIASVVVFDVLKRQFDSNLNRGDIGLLAAFGPGFTAEMAVGEWTA","lauroyl-coa","1"
"123","gcs","bacterial","MAAYLCAPAVIHGEHSVETREIVEEVRGRHPHAPWAPRIDGIAASTGIESRGWMLPLEAA VAPGGGGDLGAAREALVRDGFTEQDANRAIAALKAVPASQTVQERTAPAWEAVQAYGERA ARGALQIAGLDVADVDCLITSNSTTPALPGLDVALANRLPLRGDTMLLPATQWACVAGTR SLALAADLVAADPDRVVLVVISEALSTTYQPADDTLESLIVRLLFADTAVAAVVTGRPRP ESVLRLDAAWHHTLPGTRDLHRLETRADGTHFVMDRRGPRAVQETVTAMWEWLRVRYEDD PSSWHPDVLLAHPGGTRVLEYMEQTMPDEWPSGLLSYSRDSYTSGNRGGAAVFDILRRAH DAGQKTGSRAVLYAAAPGLTATALEGEWL","lauroyl-coa","0"
"126","ORAS","Fungi","MAASTVAGELGLSITGLGVQYPPYSLGPDAIDILSKRYHPESPAMKKVLAINRYTGIDQRSSIGNPDHPLVNKPNPPTVK
 ELHEVFMSDGVPLAVEASRKAMAEARLVPAQITHMVSTTCTDSANPGYDHYVAKELGLSDRLEKVLLHGIGCSGGLAALR
 TAANLCLGHTARGKPARILVLALEVSTTMVRSELESIDALQETRIGIALFSDCASAVILSNGIGEAPGKPAIYDLLGWEN
 RVIPDSEHDLGFDVDPMGWKVVLSPRVPVLAKASLQPTYADLLSSLQDQLPSSYQKPADFDWAMHPGGATILSGAESAMG
 LTPEHMRASYDRYINHGNSSSATIFSVLNRLREKDMDALAPGGKVKEYVVGCAFGPGINVEMCMLKRRMPARTTTGLD
 TPPETDDSEGPGPGSSAGSDDGESIEGGEKEEKFINEALDNVELD","decanoyl-coa","1"
"128","An-CsyA","Fungi","MAPLIHGTSPPEIRNHSDDSLSKRAVSVVGTGAHYPPHELRSDELEKLISAFHDPNDPAVRKTLYVNEKSRIQTRRAAVP
 FDDPFWSDPKLPDIAECDVLFRKYGVPVAEEAARKALADWNGSFNDLTHVVVVTCTNTANPGLDYMICERLGLRKNVQRT
 LLHGVGCAGGAAALRTANELLLGAAFQGKPGRALVVACEICMIFFRSMLEDIVKAQEANVAMTLFGDGAGAMVLSNGICP
 KTSERAPLWNILNCRTTLLEDSASSIQFNIRPHGYDPVITKEVPGQTSAALPSGFQDLISSTPSLYSDKSNFDPSSYDWA
 LHPGGYSIAVLAQLGITEHHLRKTYEVYRSRGNTSSSTVISVINELAREQGTSESGRDKVIVAAFGPGITMELAVMAR
 PA","decanoyl-coa","1"
"129","BPKS","Fungi","MSNSTEGQQQQSASQHGFGSLNLSIVGLGVEYPPFLLEPADLDTLTKRHYPDSPAMKKVCTINNFTGIETRSAIGTVD
 HPMANMDRAPTIAELCSIFLKDGVALAVTACRKALHEAHLHPSDITHVVSTTCTNSANPGYDHFVCKALGITQPVEKVLL
 HGIGCSGGLASLRTAANLALGHSFRGKKARVLVMALEISSLLVRSELDSVHELQETRIGVTLFSDCASACVLSNGIGGTG
 EEESVYDLLGWEHKMIPDTEHDLGFDVDPLGWKVILSPRVPKLAAEAVSPIYHSLISNLPSLPSEYHNPADFDWALHPGG
 ATILTGVEKAMSISAEHMRASYDTYMKHGNSSSATIFSVLDRLRSKEMDGLTPNNRGPKEMIVGCAFGPGIAVEMCMLKR
 NLDHVKREWDGGVQSGVGGDITPPLTESEGTGSGNGSEGEVEAEDLKKVKEEGEKLDQKLKMVEPGVLEQKLGEGGKV
 NENEKLDSLEEALDGVELD","decanoyl-coa","1"
"130","Sl-PKS2","Fungi","MSPAKLATAAQASFPDTDLHIMGIAAEYPEHICSTQDFKEFCLRNYPRTPALEKLLMVHENTGIETRRTACHFTDPFLNG
 TSPTIDQLSDFYLKYGVELAVGASRKAIEEWGGDVSEITHVVATTCTNSANPGYDYFVARELGLGDRVERTLLHGVGCAG
 GLTALRTAANIALGASFMQRPARILVIACELSSLLVRSELDSMQETGELRIGVSIFSDGASAVLLSNGIGESPDAKPVYD
 LLGWDHLTVPETHAEIGFDVHPAGWKVILTPKVPAITATGAPPVFASLVPRIPALLTDGVAPGAADFDWALHPGGAKVLT
 SVQKVLGLTTQHLRASYETYRTKGNSSSATIFSVMNRLRQPDMGEGRKNVVACAFGPGVAIEMAILKRVKDVAPHADVAA
 SSGSSDSG","decanoyl-coa","1"
"131","SmPKS","Fungi","MAASTAPGELGLSITGLGVQYPPYSLGPDCLDILSKRYYPESPAMKKVLAINRYTGIDQRSSIGNPDHPLVNQPNSPTVD
 ELHKVFMSDGVPLAVEASRKAMAEARVEPNQITHMVSTTCTDSANPGYDHFVAKELGLSDRLEKVLLHGIGCSGGLAALR
 TAANLCLGHKARGKPARILVLALEVSTIMVRSELESILQETRIGIALFSDCASAVVLSNGIGEEPGKPAIYDLLGWEN
 RVIPDSEHDLGFDVDPMGWKVVLSPRVPVLAKASLQPTYTDLLSSFQDQLPSSYQKPADFDWAMHPGGATILSGAESAMG
 LTPEHMRASYDTYINHGNSSSATIFSVLNRLREKDMDALAPDGKVKEYIVGCAFGPGINVEMCMLKRRMNCPTTTTTGLD
 TPPETDDSEGPGPGSSAGSEDGESIEGDKEDKKEKFISEALDNVELD","decanoyl-coa","1"
"132","CtPKS","Fungi","MVADALVYHPAVSHYLKFVGTTVGRDKILRTLQYFARFYAWYLLRTNKPKTAIQPWEAMKKQFGLVRKVLRAGKNVEHFK
 AAAVAYDAKTGRLAEDPVLRYATIGRQLGYAGYLTLDLATLLDATGIRKSKHAKALQQEAYRFWLVGLACSVVAQLYTLW
 QLRRREAKVDRKEGEGVVEAKTIAKERVVSQLQLTSDLCDLTVPLAGLGWVPIDDGFVGLAGTLSSLIGVYNQWKKTALL
 EGCVLTSPQKENILLDQATIRPSGAPAESRRPSAALMASSKGLEGLGLSIVGLARQYPPYSLKPDALEVLSKRFYSQTAV
 MSKVLSINRYTGIEQRSSIGTPDHPLVNQPNPPTITQLHEVFMSDGVPLAVAAARKALQEAHVAPSQVTHMVSTTCTDSA
 NPGYDHFVAQELGLSYNVEKVLLHGVGCSGGLAALRTAANLCLGHSCRGLPARILVVALEITTTLVRSELESILNQTR
 IGVTLFSDCAGVLVLSNNFTSPSHPPPSPPIYSLLTWYHTTIPSTESDLGFDIDPTGWKVVLSPAVPRLTQSALLPAFHS
 LLPDHLLSTLPENYRSPADFDWAMHPGGSTILTGAEQVLGITSLHMRASYDTYIRHGNSSSATMMSVLDRLREKDMDELA
 PPCGSDSSGTGRGGFNDGKDKGASKGKPREYIIGCAFGPGISVEMCLLKRHFAGPRRVNSTPGMETPPETESELSLEGSD
 SDSKSDRDDEMTGKHGSPDSAKPPQKNNEGFISEALESPEVD","decanoyl-coa","1"
"134","NuPKS","Fungi","MPSAAVNPTPPHTPVLATTPTSPHAYAASSSHILGIGTAFPQDLLYPQGLEDFATKWCEP
 SESLSKTLMVNNHTQINHRPLVQRITDPLLNQEEPPKIRDVNKVFMEKGVDLALAAAKKA
 LADWGGSLDDITHLVCNTCTASSYPGYDHAVLMALDLPLSTDRTLLHGVGCAGGLSLVRL
 AHQLSRVPVDRSPTSKPNRILIISTEVTSTLCRSEIDELNKASKAPDGDKGWPNVSLCLF
 SDGASAMIVGTADSEGHLHEQSSFEILDCITETVPDTVEDLGFNVDEYGWKAIISQRV
 PKLTSQAVPQLYNRLMSRSPLAIRAKLSKDLSYLASPPSETQPNTLDWMIHPGGSLIISK
 IEKELGLSCEDHTQASWNVYQNNGNTSSVSIGAVIERSREVQDREGCVAVAFGPGVTVEM
 CLLRRTGWRGSKTENGQSSVKVNGSNGDAAASGHDIQVNGGWEKDKPTATETPETRAEKY
 ADLGIHEESSATDKAHTAAGQRLKRKPDSDLAEIISSNKRSKTENKPDNGDNKVAP","decanoyl-coa","1"
"135","FiPKS","Fungi","MAAPSAFGELGLSIIGLSAEYPPHSLDYTCLNTLGDKFYPDTPAMKKVLGINRYTGIDTR
 SSIGTPDHPAVNKKEAPSIAELHSIFQSDGVPLAIRAARKAIDEAKIDTRFITHIVATTC
 TDSANPGFDHFVAKGLGITHGVEKVLLHGVGCSGGLATLRTGANLALGHKARGLPARVLC
 VALEVSTTMVRSELDSINELQETRIGACLFSDCGSAVVLSNGIGEPSEPVYDLLGWDHRT
 IPDTEDDLGFDVDPVGWKVILTPRVPKLTAASIGPAFTDLKASLPQLPPDYQKAADFDWA
 MHPGGATILSGAEKVMDITPEHQRASYDTYINHGNSSSATIFSVMDRLRSKEMMAPDG
 RVRDYVVGCAFGPGITVEMCMLKRNMTPRTDITGLQTPPETPAETETEPSEAGDGGEWGT
 ENSGSPAERNSVSESQDQYTKFIAESLESLDLD","decanoyl-coa","1"
"140","ARAS1","Plant","MPGATTAAIVDSRRGTQHSEGPATILAIGTANPENIMFQDNFADYYFGLTKSEHLTELKE
 KMKRICHKSGIEKRYIHLDAELISVHPEIIDKHLPSLETRVDIVATEVPKLAESAARKAI
 AEWGRPATDITHLIFSTYSGCRAPSADLQLASLLGLRPSVSRTILSLHGCSGGGRALQLA
 KEIAENNRGARVLIACSELTLICFSTPDESKIIGHGLFGDGAGAVIVGADPSVDGECPLF
 EMVAASQTMIPGTEHALGMQATSSGIDFHLSIQVPTLIKDNIHQCLLFRSVGNTDPNW
 NDLFWAVHPGGRAILDNIEDKLQLHPCKLAASRQVLSEYGNMSGATIAFVLDELRRRREK
 EQDIQQQPEWGVLLAFGPGVTIESIVLRNPLSRGLKEN","decanoyl-coa","1"
"141","ARAS2","Plant","MPGAATTAAVVDSRRSAQRAEGPATIIAIGTANPANIVPQDNFADYYFGLTKSEHLTELK
 DKMKRICKKSGIEKRYIHLDEEIIRAHPEIIDKHQPSLEARVEIAAAEVPKLAESAARKA
 IAKWGRPATDITHLIFSTYSGCRAPSADLQLASLLGLRPSVSRTILSLHGCSGGGRALQL
 AKELAENNRGARVLVALSELTLVCFSTPDESKIVGHGLFGDGAGAIIVGAGPFSDGECPL
 FEMVAASQTMIPGTEHALGMQATSTGIDFHLSVQVPMLIKDNIQQSLLESFQSVGYTDPD
 WNNLFWAVHPGGRAILDNIEGKLQLQPWKLAASRQVLREFGNMSGATIAFVLDELCHRRE
 KDEDESQQHEWGVMLAFGPGITIETIVMRNPLARGLKQN","decanoyl-coa","1"
"142","Sg-RppA","bacterial","MATLCRPAIAVPEHVITMQQTLDLARETHAGHPQRDLVLRLIQNTGVQTRHLVQPIEKTL
 AHPGFEVRNQVYEAEAKTRVPEVVRRALAETEPSEIDLIVYVSCTGFMMPSLTAWIIN
 SMGFRPETRQLPIAQLGCAAGGAAINRAHDFCVAYPDSNVLIVSCEFCSLCYQPTDIGVG
 SLLSNGLFGDALSAAVVRGQGGTGMRLERNGSHLVPDTEDWISYAVRDTGFHFQLDKRVP
 GTMEMLAPVLLDLVDLHGWSVPNMDFFIVHAGGPRILDDLCHFLDLPPEMFRYSRATLTE
 RGNIASSVVFDALARLFDDGGAAESAQGLIAGFGPGITAEVAVGSWAKEGLGADVGRDLD
 ELELTAGVALSG","decanoyl-coa","0"
"143","ArsB","bacterial","MSSPHVLTGFTPVQLAKPVPQALTLELSAYAFARAYCIKNGVGTDDEAGFAKVYQSVKEKFDKYALSS AQIKRRQLIFFPKVSDIHFANGHVDIAAPEHAYLKLYDMATDPRGSDLKVRHESYAKVVDQGLERMFQDS AEAPDDLIHVTCSGYLSPSPVERMAADRGWFETTVTHSYHMGCYGAFPAIKMAHGMLSSSRFGVTPVKHR VDIVHTELLSAHNNIVDARAENIITMTLFADGLIKYSVLSEEELHRQGGHGLRVLAMNEHLLPDSADEMT WVPGSHQFLMTLTPMVPVVIKRHVRDFVVKLLERAGIDYERERLELTFAIHPGGPKIVEHIQEDLGLSDE QVAISKSVFLENGNMSSATIPHILKQVLEEVDVGTRVLCLGFGPGLTVTGMVLEKI","decanoyl-coa","1"
"144","ArsC","bacterial","MNDMAHPNSAVLADFIPVQLAKPVPQRITLELTAYGFARAHCLSNGITDEEGFVQVYKTVKEKFDKYAVS PAQIKQRQLVYFPKLTDIRFGDGNFDIADPEPDQAHLRLFDIKKDPRGADLKTRHESYAKVVGKGLEQMF EGTLEAPDDLIHVTCSGYLAPSPAERMVADRGWFETTVTHSYNMGCYGAFPAIKMAHGMLASAQWGATPP KTRVDIAHTELMSAHNNIAESRVDNIISATLFSDGLIKYSVYPEDELRRQGLRGLRILAMSEHLLPDSAD TMTGVPGSHQFVMTLSPLVPAIIKRHVRAFAVDLLRRAGMDFERDKDALSFAIHPGGPKIVDHVQEELGL AEDQVAISKSVFLENGNMSSSTIPHILKAYLEEATVGTRIACLGFGPGLTAAGLVLEKI","decanoyl-coa","1"
"146","BpsA","bacterial","MAFILSIGTSLPAYNVNQEKAAEFARYMFQHSFKDIDRLLSSFKNGQIHSRQFVKPIEWY KEGHSFEEKNQIYIEETLKHSRAAVRECLSHPEFFQEAIPYEKVEAVFFVSSTGLSTPSI EARLMNELPFSPYTKRIPIWGLGCAGGASGLARAAEYCKAYPEAFVLVISAELCSLTFQP EDKTKSNLIGTSLFGDGIAAALLCGEKADRRVSKLKLAPKIMDAQSVLMKQSEDVMGWDF TDQGFKVIFSRDIPTLVEKWLKTNVQIFLDKHKLSFHDISVFLAHPGGKKVIDAYIKSLG LSSEKLSSAQSILQKHGNMSSATILYVIKDHLQNGHKKEAERGLIGALGPGFSSELLLFS WEKGA","decanoyl-coa","1"
"147","PhlD","bacterial","MSTLCLPHVMFPQHKITQQQMVDHLENLHADHPRMALAKRMIANTEVNERHLVLPIDELA
 VHTGFTHRSIVYEREARQMSSAAARQAIEGLQISDIRMVIVTSCTGFMMPSLTAHLIN
 DLALPTSTVQLPIAQLGCVAGAAAINRANDFARLDARNHVLIVSLEFSSLCYQPDDTKLH
 AFISAALFGDAVSACVLRADDQAGGFKIKKTESYFLPKSEHYIKYDVKDTGFHFTLDKAV
 MNSIKDVAPVMERLNYESFEQNCAHNDFFIFHTGGRKILDELVMHLDLASNRVSQSRSSL
 SEAGNIASVVVFDVLKRQFDSNLNRGDIGLLAAFGPGFTAEMAVGEWTA","decanoyl-coa","1"
"148","gcs","bacterial","MAAYLCAPAVIHGEHSVETREIVEEVRGRHPHAPWAPRIDGIAASTGIESRGWMLPLEAA VAPGGGGDLGAAREALVRDGFTEQDANRAIAALKAVPASQTVQERTAPAWEAVQAYGERA ARGALQIAGLDVADVDCLITSNSTTPALPGLDVALANRLPLRGDTMLLPATQWACVAGTR SLALAADLVAADPDRVVLVVISEALSTTYQPADDTLESLIVRLLFADTAVAAVVTGRPRP ESVLRLDAAWHHTLPGTRDLHRLETRADGTHFVMDRRGPRAVQETVTAMWEWLRVRYEDD PSSWHPDVLLAHPGGTRVLEYMEQTMPDEWPSGLLSYSRDSYTSGNRGGAAVFDILRRAH DAGQKTGSRAVLYAAAPGLTATALEGEWL","decanoyl-coa","0"
"151","ORAS","Fungi","MAASTVAGELGLSITGLGVQYPPYSLGPDAIDILSKRYHPESPAMKKVLAINRYTGIDQRSSIGNPDHPLVNKPNPPTVK
 ELHEVFMSDGVPLAVEASRKAMAEARLVPAQITHMVSTTCTDSANPGYDHYVAKELGLSDRLEKVLLHGIGCSGGLAALR
 TAANLCLGHTARGKPARILVLALEVSTTMVRSELESIDALQETRIGIALFSDCASAVILSNGIGEAPGKPAIYDLLGWEN
 RVIPDSEHDLGFDVDPMGWKVVLSPRVPVLAKASLQPTYADLLSSLQDQLPSSYQKPADFDWAMHPGGATILSGAESAMG
 LTPEHMRASYDRYINHGNSSSATIFSVLNRLREKDMDALAPGGKVKEYVVGCAFGPGINVEMCMLKRRMPARTTTGLD
 TPPETDDSEGPGPGSSAGSDDGESIEGGEKEEKFINEALDNVELD","octanoyl-coa","1"
"152","AnPKS","Fungi","MGNTFSASPSDGQPPKQQVPLKGDEAVITGMGTEWPSRLVVPEELSDYAKKIYPDNPPWLKAMLKINTQTGIETRPVVDL
 WDDPRWLGTSPPTTEDVDTEFRKFSVELSKALKALRESNIEPSSITHIVSVTVTNGGAPGFDQLVARELGLSPTAERI
 LLSGIGCGGGCAALRVASTIASAATYRKQEARILVVACELCSIHLRAELHASSQSGMTGVAPALFSDGAAALVVCNPLGM
 SDKTPKQFAIVDQRTGVTPGTLDEMSYTVSTHGFLASISKNIPKLAVASIQAPFQSLIQSNGMSSASPTDFHWALHPGGK
 AVIQGAQDALNLPDDALAASKEIYRTKGNTSSVAVLAVLEKVRGLKLQSPNVVACSFGPGLTTEMTLLRRMV","octanoyl-coa","1"
"153","An-CsyA","Fungi","MAPLIHGTSPPEIRNHSDDSLSKRAVSVVGTGAHYPPHELRSDELEKLISAFHDPNDPAVRKTLYVNEKSRIQTRRAAVP
 FDDPFWSDPKLPDIAECDVLFRKYGVPVAEEAARKALADWNGSFNDLTHVVVVTCTNTANPGLDYMICERLGLRKNVQRT
 LLHGVGCAGGAAALRTANELLLGAAFQGKPGRALVVACEICMIFFRSMLEDIVKAQEANVAMTLFGDGAGAMVLSNGICP
 KTSERAPLWNILNCRTTLLEDSASSIQFNIRPHGYDPVITKEVPGQTSAALPSGFQDLISSTPSLYSDKSNFDPSSYDWA
 LHPGGYSIAVLAQLGITEHHLRKTYEVYRSRGNTSSSTVISVINELAREQGTSESGRDKVIVAAFGPGITMELAVMAR
 PA","octanoyl-coa","1"
"155","Sl-PKS2","Fungi","MSPAKLATAAQASFPDTDLHIMGIAAEYPEHICSTQDFKEFCLRNYPRTPALEKLLMVHENTGIETRRTACHFTDPFLNG
 TSPTIDQLSDFYLKYGVELAVGASRKAIEEWGGDVSEITHVVATTCTNSANPGYDYFVARELGLGDRVERTLLHGVGCAG
 GLTALRTAANIALGASFMQRPARILVIACELSSLLVRSELDSMQETGELRIGVSIFSDGASAVLLSNGIGESPDAKPVYD
 LLGWDHLTVPETHAEIGFDVHPAGWKVILTPKVPAITATGAPPVFASLVPRIPALLTDGVAPGAADFDWALHPGGAKVLT
 SVQKVLGLTTQHLRASYETYRTKGNSSSATIFSVMNRLRQPDMGEGRKNVVACAFGPGVAIEMAILKRVKDVAPHADVAA
 SSGSSDSG","octanoyl-coa","1"
"159","NuPKS","Fungi","MPSAAVNPTPPHTPVLATTPTSPHAYAASSSHILGIGTAFPQDLLYPQGLEDFATKWCEP
 SESLSKTLMVNNHTQINHRPLVQRITDPLLNQEEPPKIRDVNKVFMEKGVDLALAAAKKA
 LADWGGSLDDITHLVCNTCTASSYPGYDHAVLMALDLPLSTDRTLLHGVGCAGGLSLVRL
 AHQLSRVPVDRSPTSKPNRILIISTEVTSTLCRSEIDELNKASKAPDGDKGWPNVSLCLF
 SDGASAMIVGTADSEGHLHEQSSFEILDCITETVPDTVEDLGFNVDEYGWKAIISQRV
 PKLTSQAVPQLYNRLMSRSPLAIRAKLSKDLSYLASPPSETQPNTLDWMIHPGGSLIISK
 IEKELGLSCEDHTQASWNVYQNNGNTSSVSIGAVIERSREVQDREGCVAVAFGPGVTVEM
 CLLRRTGWRGSKTENGQSSVKVNGSNGDAAASGHDIQVNGGWEKDKPTATETPETRAEKY
 ADLGIHEESSATDKAHTAAGQRLKRKPDSDLAEIISSNKRSKTENKPDNGDNKVAP","octanoyl-coa","1"
"165","ARAS1","Plant","MPGATTAAIVDSRRGTQHSEGPATILAIGTANPENIMFQDNFADYYFGLTKSEHLTELKE
 KMKRICHKSGIEKRYIHLDAELISVHPEIIDKHLPSLETRVDIVATEVPKLAESAARKAI
 AEWGRPATDITHLIFSTYSGCRAPSADLQLASLLGLRPSVSRTILSLHGCSGGGRALQLA
 KEIAENNRGARVLIACSELTLICFSTPDESKIIGHGLFGDGAGAVIVGADPSVDGECPLF
 EMVAASQTMIPGTEHALGMQATSSGIDFHLSIQVPTLIKDNIHQCLLFRSVGNTDPNW
 NDLFWAVHPGGRAILDNIEDKLQLHPCKLAASRQVLSEYGNMSGATIAFVLDELRRRREK
 EQDIQQQPEWGVLLAFGPGVTIESIVLRNPLSRGLKEN","octanoyl-coa","1"
"166","ARAS2","Plant","MPGAATTAAVVDSRRSAQRAEGPATIIAIGTANPANIVPQDNFADYYFGLTKSEHLTELK
 DKMKRICKKSGIEKRYIHLDEEIIRAHPEIIDKHQPSLEARVEIAAAEVPKLAESAARKA
 IAKWGRPATDITHLIFSTYSGCRAPSADLQLASLLGLRPSVSRTILSLHGCSGGGRALQL
 AKELAENNRGARVLVALSELTLVCFSTPDESKIVGHGLFGDGAGAIIVGAGPFSDGECPL
 FEMVAASQTMIPGTEHALGMQATSTGIDFHLSVQVPMLIKDNIQQSLLESFQSVGYTDPD
 WNNLFWAVHPGGRAILDNIEGKLQLQPWKLAASRQVLREFGNMSGATIAFVLDELCHRRE
 KDEDESQQHEWGVMLAFGPGITIETIVMRNPLARGLKQN","octanoyl-coa","1"
"167","Sg-RppA","bacterial","MATLCRPAIAVPEHVITMQQTLDLARETHAGHPQRDLVLRLIQNTGVQTRHLVQPIEKTL
 AHPGFEVRNQVYEAEAKTRVPEVVRRALAETEPSEIDLIVYVSCTGFMMPSLTAWIIN
 SMGFRPETRQLPIAQLGCAAGGAAINRAHDFCVAYPDSNVLIVSCEFCSLCYQPTDIGVG
 SLLSNGLFGDALSAAVVRGQGGTGMRLERNGSHLVPDTEDWISYAVRDTGFHFQLDKRVP
 GTMEMLAPVLLDLVDLHGWSVPNMDFFIVHAGGPRILDDLCHFLDLPPEMFRYSRATLTE
 RGNIASSVVFDALARLFDDGGAAESAQGLIAGFGPGITAEVAVGSWAKEGLGADVGRDLD
 ELELTAGVALSG","octanoyl-coa","1"
"168","ArsB","bacterial","MSSPHVLTGFTPVQLAKPVPQALTLELSAYAFARAYCIKNGVGTDDEAGFAKVYQSVKEKFDKYALSS AQIKRRQLIFFPKVSDIHFANGHVDIAAPEHAYLKLYDMATDPRGSDLKVRHESYAKVVDQGLERMFQDS AEAPDDLIHVTCSGYLSPSPVERMAADRGWFETTVTHSYHMGCYGAFPAIKMAHGMLSSSRFGVTPVKHR VDIVHTELLSAHNNIVDARAENIITMTLFADGLIKYSVLSEEELHRQGGHGLRVLAMNEHLLPDSADEMT WVPGSHQFLMTLTPMVPVVIKRHVRDFVVKLLERAGIDYERERLELTFAIHPGGPKIVEHIQEDLGLSDE QVAISKSVFLENGNMSSATIPHILKQVLEEVDVGTRVLCLGFGPGLTVTGMVLEKI","octanoyl-coa","0"
"169","ArsC","bacterial","MNDMAHPNSAVLADFIPVQLAKPVPQRITLELTAYGFARAHCLSNGITDEEGFVQVYKTVKEKFDKYAVS PAQIKQRQLVYFPKLTDIRFGDGNFDIADPEPDQAHLRLFDIKKDPRGADLKTRHESYAKVVGKGLEQMF EGTLEAPDDLIHVTCSGYLAPSPAERMVADRGWFETTVTHSYNMGCYGAFPAIKMAHGMLASAQWGATPP KTRVDIAHTELMSAHNNIAESRVDNIISATLFSDGLIKYSVYPEDELRRQGLRGLRILAMSEHLLPDSAD TMTGVPGSHQFVMTLSPLVPAIIKRHVRAFAVDLLRRAGMDFERDKDALSFAIHPGGPKIVDHVQEELGL AEDQVAISKSVFLENGNMSSSTIPHILKAYLEEATVGTRIACLGFGPGLTAAGLVLEKI","octanoyl-coa","1"
"171","BpsA","bacterial","MAFILSIGTSLPAYNVNQEKAAEFARYMFQHSFKDIDRLLSSFKNGQIHSRQFVKPIEWY KEGHSFEEKNQIYIEETLKHSRAAVRECLSHPEFFQEAIPYEKVEAVFFVSSTGLSTPSI EARLMNELPFSPYTKRIPIWGLGCAGGASGLARAAEYCKAYPEAFVLVISAELCSLTFQP EDKTKSNLIGTSLFGDGIAAALLCGEKADRRVSKLKLAPKIMDAQSVLMKQSEDVMGWDF TDQGFKVIFSRDIPTLVEKWLKTNVQIFLDKHKLSFHDISVFLAHPGGKKVIDAYIKSLG LSSEKLSSAQSILQKHGNMSSATILYVIKDHLQNGHKKEAERGLIGALGPGFSSELLLFS WEKGA","octanoyl-coa","1"
"172","PhlD","bacterial","MSTLCLPHVMFPQHKITQQQMVDHLENLHADHPRMALAKRMIANTEVNERHLVLPIDELA
 VHTGFTHRSIVYEREARQMSSAAARQAIEGLQISDIRMVIVTSCTGFMMPSLTAHLIN
 DLALPTSTVQLPIAQLGCVAGAAAINRANDFARLDARNHVLIVSLEFSSLCYQPDDTKLH
 AFISAALFGDAVSACVLRADDQAGGFKIKKTESYFLPKSEHYIKYDVKDTGFHFTLDKAV
 MNSIKDVAPVMERLNYESFEQNCAHNDFFIFHTGGRKILDELVMHLDLASNRVSQSRSSL
 SEAGNIASVVVFDVLKRQFDSNLNRGDIGLLAAFGPGFTAEMAVGEWTA","octanoyl-coa","1"
"173","gcs","bacterial","MAAYLCAPAVIHGEHSVETREIVEEVRGRHPHAPWAPRIDGIAASTGIESRGWMLPLEAA VAPGGGGDLGAAREALVRDGFTEQDANRAIAALKAVPASQTVQERTAPAWEAVQAYGERA ARGALQIAGLDVADVDCLITSNSTTPALPGLDVALANRLPLRGDTMLLPATQWACVAGTR SLALAADLVAADPDRVVLVVISEALSTTYQPADDTLESLIVRLLFADTAVAAVVTGRPRP ESVLRLDAAWHHTLPGTRDLHRLETRADGTHFVMDRRGPRAVQETVTAMWEWLRVRYEDD PSSWHPDVLLAHPGGTRVLEYMEQTMPDEWPSGLLSYSRDSYTSGNRGGAAVFDILRRAH DAGQKTGSRAVLYAAAPGLTATALEGEWL","octanoyl-coa","1"
"176","ORAS","Fungi","MAASTVAGELGLSITGLGVQYPPYSLGPDAIDILSKRYHPESPAMKKVLAINRYTGIDQRSSIGNPDHPLVNKPNPPTVK
 ELHEVFMSDGVPLAVEASRKAMAEARLVPAQITHMVSTTCTDSANPGYDHYVAKELGLSDRLEKVLLHGIGCSGGLAALR
 TAANLCLGHTARGKPARILVLALEVSTTMVRSELESIDALQETRIGIALFSDCASAVILSNGIGEAPGKPAIYDLLGWEN
 RVIPDSEHDLGFDVDPMGWKVVLSPRVPVLAKASLQPTYADLLSSLQDQLPSSYQKPADFDWAMHPGGATILSGAESAMG
 LTPEHMRASYDRYINHGNSSSATIFSVLNRLREKDMDALAPGGKVKEYVVGCAFGPGINVEMCMLKRRMPARTTTGLD
 TPPETDDSEGPGPGSSAGSDDGESIEGGEKEEKFINEALDNVELD","hexanoyl-coa","1"
"177","AnPKS","Fungi","MGNTFSASPSDGQPPKQQVPLKGDEAVITGMGTEWPSRLVVPEELSDYAKKIYPDNPPWLKAMLKINTQTGIETRPVVDL
 WDDPRWLGTSPPTTEDVDTEFRKFSVELSKALKALRESNIEPSSITHIVSVTVTNGGAPGFDQLVARELGLSPTAERI
 LLSGIGCGGGCAALRVASTIASAATYRKQEARILVVACELCSIHLRAELHASSQSGMTGVAPALFSDGAAALVVCNPLGM
 SDKTPKQFAIVDQRTGVTPGTLDEMSYTVSTHGFLASISKNIPKLAVASIQAPFQSLIQSNGMSSASPTDFHWALHPGGK
 AVIQGAQDALNLPDDALAASKEIYRTKGNTSSVAVLAVLEKVRGLKLQSPNVVACSFGPGLTTEMTLLRRMV","hexanoyl-coa","1"
"178","An-CsyA","Fungi","MAPLIHGTSPPEIRNHSDDSLSKRAVSVVGTGAHYPPHELRSDELEKLISAFHDPNDPAVRKTLYVNEKSRIQTRRAAVP
 FDDPFWSDPKLPDIAECDVLFRKYGVPVAEEAARKALADWNGSFNDLTHVVVVTCTNTANPGLDYMICERLGLRKNVQRT
 LLHGVGCAGGAAALRTANELLLGAAFQGKPGRALVVACEICMIFFRSMLEDIVKAQEANVAMTLFGDGAGAMVLSNGICP
 KTSERAPLWNILNCRTTLLEDSASSIQFNIRPHGYDPVITKEVPGQTSAALPSGFQDLISSTPSLYSDKSNFDPSSYDWA
 LHPGGYSIAVLAQLGITEHHLRKTYEVYRSRGNTSSSTVISVINELAREQGTSESGRDKVIVAAFGPGITMELAVMAR
 PA","hexanoyl-coa","1"
"179","BPKS","Fungi","MSNSTEGQQQQSASQHGFGSLNLSIVGLGVEYPPFLLEPADLDTLTKRHYPDSPAMKKVCTINNFTGIETRSAIGTVD
 HPMANMDRAPTIAELCSIFLKDGVALAVTACRKALHEAHLHPSDITHVVSTTCTNSANPGYDHFVCKALGITQPVEKVLL
 HGIGCSGGLASLRTAANLALGHSFRGKKARVLVMALEISSLLVRSELDSVHELQETRIGVTLFSDCASACVLSNGIGGTG
 EEESVYDLLGWEHKMIPDTEHDLGFDVDPLGWKVILSPRVPKLAAEAVSPIYHSLISNLPSLPSEYHNPADFDWALHPGG
 ATILTGVEKAMSISAEHMRASYDTYMKHGNSSSATIFSVLDRLRSKEMDGLTPNNRGPKEMIVGCAFGPGIAVEMCMLKR
 NLDHVKREWDGGVQSGVGGDITPPLTESEGTGSGNGSEGEVEAEDLKKVKEEGEKLDQKLKMVEPGVLEQKLGEGGKV
 NENEKLDSLEEALDGVELD","hexanoyl-coa","1"
"180","Sl-PKS2","Fungi","MSPAKLATAAQASFPDTDLHIMGIAAEYPEHICSTQDFKEFCLRNYPRTPALEKLLMVHENTGIETRRTACHFTDPFLNG
 TSPTIDQLSDFYLKYGVELAVGASRKAIEEWGGDVSEITHVVATTCTNSANPGYDYFVARELGLGDRVERTLLHGVGCAG
 GLTALRTAANIALGASFMQRPARILVIACELSSLLVRSELDSMQETGELRIGVSIFSDGASAVLLSNGIGESPDAKPVYD
 LLGWDHLTVPETHAEIGFDVHPAGWKVILTPKVPAITATGAPPVFASLVPRIPALLTDGVAPGAADFDWALHPGGAKVLT
 SVQKVLGLTTQHLRASYETYRTKGNSSSATIFSVMNRLRQPDMGEGRKNVVACAFGPGVAIEMAILKRVKDVAPHADVAA
 SSGSSDSG","hexanoyl-coa","1"
"181","SmPKS","Fungi","MAASTAPGELGLSITGLGVQYPPYSLGPDCLDILSKRYYPESPAMKKVLAINRYTGIDQRSSIGNPDHPLVNQPNSPTVD
 ELHKVFMSDGVPLAVEASRKAMAEARVEPNQITHMVSTTCTDSANPGYDHFVAKELGLSDRLEKVLLHGIGCSGGLAALR
 TAANLCLGHKARGKPARILVLALEVSTIMVRSELESILQETRIGIALFSDCASAVVLSNGIGEEPGKPAIYDLLGWEN
 RVIPDSEHDLGFDVDPMGWKVVLSPRVPVLAKASLQPTYTDLLSSFQDQLPSSYQKPADFDWAMHPGGATILSGAESAMG
 LTPEHMRASYDTYINHGNSSSATIFSVLNRLREKDMDALAPDGKVKEYIVGCAFGPGINVEMCMLKRRMNCPTTTTTGLD
 TPPETDDSEGPGPGSSAGSEDGESIEGDKEDKKEKFISEALDNVELD","hexanoyl-coa","1"
"182","CtPKS","Fungi","MVADALVYHPAVSHYLKFVGTTVGRDKILRTLQYFARFYAWYLLRTNKPKTAIQPWEAMKKQFGLVRKVLRAGKNVEHFK
 AAAVAYDAKTGRLAEDPVLRYATIGRQLGYAGYLTLDLATLLDATGIRKSKHAKALQQEAYRFWLVGLACSVVAQLYTLW
 QLRRREAKVDRKEGEGVVEAKTIAKERVVSQLQLTSDLCDLTVPLAGLGWVPIDDGFVGLAGTLSSLIGVYNQWKKTALL
 EGCVLTSPQKENILLDQATIRPSGAPAESRRPSAALMASSKGLEGLGLSIVGLARQYPPYSLKPDALEVLSKRFYSQTAV
 MSKVLSINRYTGIEQRSSIGTPDHPLVNQPNPPTITQLHEVFMSDGVPLAVAAARKALQEAHVAPSQVTHMVSTTCTDSA
 NPGYDHFVAQELGLSYNVEKVLLHGVGCSGGLAALRTAANLCLGHSCRGLPARILVVALEITTTLVRSELESILNQTR
 IGVTLFSDCAGVLVLSNNFTSPSHPPPSPPIYSLLTWYHTTIPSTESDLGFDIDPTGWKVVLSPAVPRLTQSALLPAFHS
 LLPDHLLSTLPENYRSPADFDWAMHPGGSTILTGAEQVLGITSLHMRASYDTYIRHGNSSSATMMSVLDRLREKDMDELA
 PPCGSDSSGTGRGGFNDGKDKGASKGKPREYIIGCAFGPGISVEMCLLKRHFAGPRRVNSTPGMETPPETESELSLEGSD
 SDSKSDRDDEMTGKHGSPDSAKPPQKNNEGFISEALESPEVD","hexanoyl-coa","1"
"184","NuPKS","Fungi","MPSAAVNPTPPHTPVLATTPTSPHAYAASSSHILGIGTAFPQDLLYPQGLEDFATKWCEP
 SESLSKTLMVNNHTQINHRPLVQRITDPLLNQEEPPKIRDVNKVFMEKGVDLALAAAKKA
 LADWGGSLDDITHLVCNTCTASSYPGYDHAVLMALDLPLSTDRTLLHGVGCAGGLSLVRL
 AHQLSRVPVDRSPTSKPNRILIISTEVTSTLCRSEIDELNKASKAPDGDKGWPNVSLCLF
 SDGASAMIVGTADSEGHLHEQSSFEILDCITETVPDTVEDLGFNVDEYGWKAIISQRV
 PKLTSQAVPQLYNRLMSRSPLAIRAKLSKDLSYLASPPSETQPNTLDWMIHPGGSLIISK
 IEKELGLSCEDHTQASWNVYQNNGNTSSVSIGAVIERSREVQDREGCVAVAFGPGVTVEM
 CLLRRTGWRGSKTENGQSSVKVNGSNGDAAASGHDIQVNGGWEKDKPTATETPETRAEKY
 ADLGIHEESSATDKAHTAAGQRLKRKPDSDLAEIISSNKRSKTENKPDNGDNKVAP","hexanoyl-coa","0"
"185","FiPKS","Fungi","MAAPSAFGELGLSIIGLSAEYPPHSLDYTCLNTLGDKFYPDTPAMKKVLGINRYTGIDTR
 SSIGTPDHPAVNKKEAPSIAELHSIFQSDGVPLAIRAARKAIDEAKIDTRFITHIVATTC
 TDSANPGFDHFVAKGLGITHGVEKVLLHGVGCSGGLATLRTGANLALGHKARGLPARVLC
 VALEVSTTMVRSELDSINELQETRIGACLFSDCGSAVVLSNGIGEPSEPVYDLLGWDHRT
 IPDTEDDLGFDVDPVGWKVILTPRVPKLTAASIGPAFTDLKASLPQLPPDYQKAADFDWA
 MHPGGATILSGAEKVMDITPEHQRASYDTYINHGNSSSATIFSVMDRLRSKEMMAPDG
 RVRDYVVGCAFGPGITVEMCMLKRNMTPRTDITGLQTPPETPAETETEPSEAGDGGEWGT
 ENSGSPAERNSVSESQDQYTKFIAESLESLDLD","hexanoyl-coa","1"
"186","QNS-Marmelos","Plant","MVTMEEIRKAQRAEGLATILAISTATPPNCVIQADYPDYYFKITNSEHMTELKEKFRRLC
 EKSMIRKRHMCLTEEILKANPNMCLHMGTSLRQDISLVEVPKLGKEAATKAIKEWGQP
 KSKITHLIFCTSAGVDMPGADYQLTRLLGLSPEVKRMMIYQQGCYAGATVLRLAKDLTEN
 NKGSRVLIVCSENTVPTFRGPSDTHIDSLVGQALFADGAAALIVGADPDASIERPLYHIV
 SASQTLLPDSDGAIEGHIREAGLTVHLKKDVPAFFSANIEKSLVDAFTPIGISDWNSIFW
 IAHPGGPAILDQVEEKLGLRKDKLKASRHVMSEFGNMSSACVLFILDEMRKTCLEEGKAT
 TGEGLDWGVLFGFGPGLTVETVVLRSVPIEA","hexanoyl-coa","1"
"187","QNS-Microcarpa","Plant","MESMAKVKNFLKRSKGPASILAIGTANPPTCFNQSDYPDFYFRVTDCEHKTELKDKFKRICDRSAVKKRYLHVTEEVLKENPSMRSYPSLDARQALLIEQVPKLGKEAAAKAIKEWGQPLSKFTHLVFSAMAGVDIPGADLRLMNLLGLEPSVKRLMIYSQGCFIGGAAIRCAKDVAENGARVLVVFSDIVNMYFHEPQEAHLDILVGQAVFGDGAAAVIVGADPEVSIERPLFHVVSSTQMSVPDTNKFIRAHVKEMGMELYLSKDVPATVGKNIEKLLVDAVSPFGISDWNSLFYSVHPGGRAILDQVELNLGLGKEKLRASRHVLSEYGNMGGSSVYFILDEIRKKSMQEAKPTTGDGLEWGVLFAIGPGLTVETVILLSVPIDSAC","hexanoyl-coa","1"
"188","ANS-Microcarpa","Plant","MVTMEEIRRAKRAEGLATILAISTATPPNCVIQADYPDYYFGITNSEHMTELKEKFKLLCEKSMIRKRHMCLTEEILKANPNMCLYMGTSLDARQDISLVEVPKLGKEAATKAIKEWGQPKSNITHLIFCTSAGVDMPGADYQLTRLIGLNPDVKRMMIYQQGCYAGATILRLAKDLAENNKGSRVLVVCSENTIPTFRGPSYTHIDSLVGQALFADGAAALIVGADPDTSIERPLYHIVSASQTLLPDSDGAIEGHIREAGLTVHLKKDVPEFFSANIEKSLVDAFTPIGISDWNSIFWIAHPGGPAILDQVEAKLGLKKDKLRASRHVMSEYGNMSSACVLFILDEMRNKCLEEGKATTGEGLDWGVLFGFGPGLTVETVVLHSLPIEA","hexanoyl-coa","1"
"189","BNS-Palmatum","Plant","MATEEMKKLATVMAIGTANPPNCYYQADFPDFYFRVTNSDHLINLKQKFKRLCENSRIEK
 RYLHVTEEILKENPNIAAYEATSLNVRHKMQVKGVAELGKEAALKAIKEWGQPKSKITHL
 IVCCLAGVDMPGADYQLTKLLDLDPSVKRFMFYHLGCYAGGTVLRLAKDIAENNKGARVL
 IVCSEMTTTCFRGPSETHLDSMIGQAILGDGAAAVIVGADPDLTVERPIFELVSTAQTIV
 PESHGAIEGHLLESGLSFHLYKTVPTLISNNIKTCLSDAFTPLNISDWNSLFWIAHPGGP
 AILDQVTAKVGLEKEKLKVTRQVLKDYGNMSSATVFFIMDEMRKKSLENGQATTGEGLEW
 GVLFGFGPGITVETVVLRSVPVIS","hexanoyl-coa","0"
"190","ARAS1","Plant","MPGATTAAIVDSRRGTQHSEGPATILAIGTANPENIMFQDNFADYYFGLTKSEHLTELKE
 KMKRICHKSGIEKRYIHLDAELISVHPEIIDKHLPSLETRVDIVATEVPKLAESAARKAI
 AEWGRPATDITHLIFSTYSGCRAPSADLQLASLLGLRPSVSRTILSLHGCSGGGRALQLA
 KEIAENNRGARVLIACSELTLICFSTPDESKIIGHGLFGDGAGAVIVGADPSVDGECPLF
 EMVAASQTMIPGTEHALGMQATSSGIDFHLSIQVPTLIKDNIHQCLLFRSVGNTDPNW
 NDLFWAVHPGGRAILDNIEDKLQLHPCKLAASRQVLSEYGNMSGATIAFVLDELRRRREK
 EQDIQQQPEWGVLLAFGPGVTIESIVLRNPLSRGLKEN","hexanoyl-coa","0"
"191","ARAS2","Plant","MPGAATTAAVVDSRRSAQRAEGPATIIAIGTANPANIVPQDNFADYYFGLTKSEHLTELK
 DKMKRICKKSGIEKRYIHLDEEIIRAHPEIIDKHQPSLEARVEIAAAEVPKLAESAARKA
 IAKWGRPATDITHLIFSTYSGCRAPSADLQLASLLGLRPSVSRTILSLHGCSGGGRALQL
 AKELAENNRGARVLVALSELTLVCFSTPDESKIVGHGLFGDGAGAIIVGAGPFSDGECPL
 FEMVAASQTMIPGTEHALGMQATSTGIDFHLSVQVPMLIKDNIQQSLLESFQSVGYTDPD
 WNNLFWAVHPGGRAILDNIEGKLQLQPWKLAASRQVLREFGNMSGATIAFVLDELCHRRE
 KDEDESQQHEWGVMLAFGPGITIETIVMRNPLARGLKQN","hexanoyl-coa","1"
"192","Sg-RppA","bacterial","MATLCRPAIAVPEHVITMQQTLDLARETHAGHPQRDLVLRLIQNTGVQTRHLVQPIEKTL
 AHPGFEVRNQVYEAEAKTRVPEVVRRALAETEPSEIDLIVYVSCTGFMMPSLTAWIIN
 SMGFRPETRQLPIAQLGCAAGGAAINRAHDFCVAYPDSNVLIVSCEFCSLCYQPTDIGVG
 SLLSNGLFGDALSAAVVRGQGGTGMRLERNGSHLVPDTEDWISYAVRDTGFHFQLDKRVP
 GTMEMLAPVLLDLVDLHGWSVPNMDFFIVHAGGPRILDDLCHFLDLPPEMFRYSRATLTE
 RGNIASSVVFDALARLFDDGGAAESAQGLIAGFGPGITAEVAVGSWAKEGLGADVGRDLD
 ELELTAGVALSG","hexanoyl-coa","1"
"193","ArsB","bacterial","MSSPHVLTGFTPVQLAKPVPQALTLELSAYAFARAYCIKNGVGTDDEAGFAKVYQSVKEKFDKYALSS AQIKRRQLIFFPKVSDIHFANGHVDIAAPEHAYLKLYDMATDPRGSDLKVRHESYAKVVDQGLERMFQDS AEAPDDLIHVTCSGYLSPSPVERMAADRGWFETTVTHSYHMGCYGAFPAIKMAHGMLSSSRFGVTPVKHR VDIVHTELLSAHNNIVDARAENIITMTLFADGLIKYSVLSEEELHRQGGHGLRVLAMNEHLLPDSADEMT WVPGSHQFLMTLTPMVPVVIKRHVRDFVVKLLERAGIDYERERLELTFAIHPGGPKIVEHIQEDLGLSDE QVAISKSVFLENGNMSSATIPHILKQVLEEVDVGTRVLCLGFGPGLTVTGMVLEKI","hexanoyl-coa","0"
"194","ArsC","bacterial","MNDMAHPNSAVLADFIPVQLAKPVPQRITLELTAYGFARAHCLSNGITDEEGFVQVYKTVKEKFDKYAVS PAQIKQRQLVYFPKLTDIRFGDGNFDIADPEPDQAHLRLFDIKKDPRGADLKTRHESYAKVVGKGLEQMF EGTLEAPDDLIHVTCSGYLAPSPAERMVADRGWFETTVTHSYNMGCYGAFPAIKMAHGMLASAQWGATPP KTRVDIAHTELMSAHNNIAESRVDNIISATLFSDGLIKYSVYPEDELRRQGLRGLRILAMSEHLLPDSAD TMTGVPGSHQFVMTLSPLVPAIIKRHVRAFAVDLLRRAGMDFERDKDALSFAIHPGGPKIVDHVQEELGL AEDQVAISKSVFLENGNMSSSTIPHILKAYLEEATVGTRIACLGFGPGLTAAGLVLEKI","hexanoyl-coa","1"
"196","BpsA","bacterial","MAFILSIGTSLPAYNVNQEKAAEFARYMFQHSFKDIDRLLSSFKNGQIHSRQFVKPIEWY KEGHSFEEKNQIYIEETLKHSRAAVRECLSHPEFFQEAIPYEKVEAVFFVSSTGLSTPSI EARLMNELPFSPYTKRIPIWGLGCAGGASGLARAAEYCKAYPEAFVLVISAELCSLTFQP EDKTKSNLIGTSLFGDGIAAALLCGEKADRRVSKLKLAPKIMDAQSVLMKQSEDVMGWDF TDQGFKVIFSRDIPTLVEKWLKTNVQIFLDKHKLSFHDISVFLAHPGGKKVIDAYIKSLG LSSEKLSSAQSILQKHGNMSSATILYVIKDHLQNGHKKEAERGLIGALGPGFSSELLLFS WEKGA","hexanoyl-coa","1"
"197","PhlD","bacterial","MSTLCLPHVMFPQHKITQQQMVDHLENLHADHPRMALAKRMIANTEVNERHLVLPIDELA
 VHTGFTHRSIVYEREARQMSSAAARQAIEGLQISDIRMVIVTSCTGFMMPSLTAHLIN
 DLALPTSTVQLPIAQLGCVAGAAAINRANDFARLDARNHVLIVSLEFSSLCYQPDDTKLH
 AFISAALFGDAVSACVLRADDQAGGFKIKKTESYFLPKSEHYIKYDVKDTGFHFTLDKAV
 MNSIKDVAPVMERLNYESFEQNCAHNDFFIFHTGGRKILDELVMHLDLASNRVSQSRSSL
 SEAGNIASVVVFDVLKRQFDSNLNRGDIGLLAAFGPGFTAEMAVGEWTA","hexanoyl-coa","1"
"198","gcs","bacterial","MAAYLCAPAVIHGEHSVETREIVEEVRGRHPHAPWAPRIDGIAASTGIESRGWMLPLEAA VAPGGGGDLGAAREALVRDGFTEQDANRAIAALKAVPASQTVQERTAPAWEAVQAYGERA ARGALQIAGLDVADVDCLITSNSTTPALPGLDVALANRLPLRGDTMLLPATQWACVAGTR SLALAADLVAADPDRVVLVVISEALSTTYQPADDTLESLIVRLLFADTAVAAVVTGRPRP ESVLRLDAAWHHTLPGTRDLHRLETRADGTHFVMDRRGPRAVQETVTAMWEWLRVRYEDD PSSWHPDVLLAHPGGTRVLEYMEQTMPDEWPSGLLSYSRDSYTSGNRGGAAVFDILRRAH DAGQKTGSRAVLYAAAPGLTATALEGEWL","hexanoyl-coa","1"
"200","Sc-RppA","bacterial","MATLCRPSVSVPEHVITMEETLELARRRHTDHPQLPLALRLIENTGVRTRHIVQPIEDTL
 EHPGFEDRNKVYEREAKSRVPAVIQRALDDAELLATDIDVIIYVSCTGFMMPSLTAWLIN
 EMGFDSTTRQIPIAQLGCAAGGAAINRAHDFCTAYPEALIVACEFCSLCYQPTDLGVG
 SLLCNGLFGDGIAAAVVRGRGGTGVRLERNGSYLIPKTEDWIMYDVKATGFHFLLDKRVP
 ATMEPLAPALKELAGEHGWDASDLDFYIVHAGGPRILDDLSTFLEVDPHAFRFSRATLTE
 YGNIASAVVLDALRRLFDEGGVEEGARGLLAGFGPGITAEMSLGCWQTADVRRGIRQDVT
 RTAARGVSRRVRQA","hexanoyl-coa","1"
"201","ORAS","Fungi","MAASTVAGELGLSITGLGVQYPPYSLGPDAIDILSKRYHPESPAMKKVLAINRYTGIDQRSSIGNPDHPLVNKPNPPTVK
 ELHEVFMSDGVPLAVEASRKAMAEARLVPAQITHMVSTTCTDSANPGYDHYVAKELGLSDRLEKVLLHGIGCSGGLAALR
 TAANLCLGHTARGKPARILVLALEVSTTMVRSELESIDALQETRIGIALFSDCASAVILSNGIGEAPGKPAIYDLLGWEN
 RVIPDSEHDLGFDVDPMGWKVVLSPRVPVLAKASLQPTYADLLSSLQDQLPSSYQKPADFDWAMHPGGATILSGAESAMG
 LTPEHMRASYDRYINHGNSSSATIFSVLNRLREKDMDALAPGGKVKEYVVGCAFGPGINVEMCMLKRRMPARTTTGLD
 TPPETDDSEGPGPGSSAGSDDGESIEGGEKEEKFINEALDNVELD","butyryl-coa","1"
"202","AnPKS","Fungi","MGNTFSASPSDGQPPKQQVPLKGDEAVITGMGTEWPSRLVVPEELSDYAKKIYPDNPPWLKAMLKINTQTGIETRPVVDL
 WDDPRWLGTSPPTTEDVDTEFRKFSVELSKALKALRESNIEPSSITHIVSVTVTNGGAPGFDQLVARELGLSPTAERI
 LLSGIGCGGGCAALRVASTIASAATYRKQEARILVVACELCSIHLRAELHASSQSGMTGVAPALFSDGAAALVVCNPLGM
 SDKTPKQFAIVDQRTGVTPGTLDEMSYTVSTHGFLASISKNIPKLAVASIQAPFQSLIQSNGMSSASPTDFHWALHPGGK
 AVIQGAQDALNLPDDALAASKEIYRTKGNTSSVAVLAVLEKVRGLKLQSPNVVACSFGPGLTTEMTLLRRMV","butyryl-coa","1"
"203","An-CsyA","Fungi","MAPLIHGTSPPEIRNHSDDSLSKRAVSVVGTGAHYPPHELRSDELEKLISAFHDPNDPAVRKTLYVNEKSRIQTRRAAVP
 FDDPFWSDPKLPDIAECDVLFRKYGVPVAEEAARKALADWNGSFNDLTHVVVVTCTNTANPGLDYMICERLGLRKNVQRT
 LLHGVGCAGGAAALRTANELLLGAAFQGKPGRALVVACEICMIFFRSMLEDIVKAQEANVAMTLFGDGAGAMVLSNGICP
 KTSERAPLWNILNCRTTLLEDSASSIQFNIRPHGYDPVITKEVPGQTSAALPSGFQDLISSTPSLYSDKSNFDPSSYDWA
 LHPGGYSIAVLAQLGITEHHLRKTYEVYRSRGNTSSSTVISVINELAREQGTSESGRDKVIVAAFGPGITMELAVMAR
 PA","butyryl-coa","1"
"204","BPKS","Fungi","MSNSTEGQQQQSASQHGFGSLNLSIVGLGVEYPPFLLEPADLDTLTKRHYPDSPAMKKVCTINNFTGIETRSAIGTVD
 HPMANMDRAPTIAELCSIFLKDGVALAVTACRKALHEAHLHPSDITHVVSTTCTNSANPGYDHFVCKALGITQPVEKVLL
 HGIGCSGGLASLRTAANLALGHSFRGKKARVLVMALEISSLLVRSELDSVHELQETRIGVTLFSDCASACVLSNGIGGTG
 EEESVYDLLGWEHKMIPDTEHDLGFDVDPLGWKVILSPRVPKLAAEAVSPIYHSLISNLPSLPSEYHNPADFDWALHPGG
 ATILTGVEKAMSISAEHMRASYDTYMKHGNSSSATIFSVLDRLRSKEMDGLTPNNRGPKEMIVGCAFGPGIAVEMCMLKR
 NLDHVKREWDGGVQSGVGGDITPPLTESEGTGSGNGSEGEVEAEDLKKVKEEGEKLDQKLKMVEPGVLEQKLGEGGKV
 NENEKLDSLEEALDGVELD","butyryl-coa","1"
"206","SmPKS","Fungi","MAASTAPGELGLSITGLGVQYPPYSLGPDCLDILSKRYYPESPAMKKVLAINRYTGIDQRSSIGNPDHPLVNQPNSPTVD
 ELHKVFMSDGVPLAVEASRKAMAEARVEPNQITHMVSTTCTDSANPGYDHFVAKELGLSDRLEKVLLHGIGCSGGLAALR
 TAANLCLGHKARGKPARILVLALEVSTIMVRSELESILQETRIGIALFSDCASAVVLSNGIGEEPGKPAIYDLLGWEN
 RVIPDSEHDLGFDVDPMGWKVVLSPRVPVLAKASLQPTYTDLLSSFQDQLPSSYQKPADFDWAMHPGGATILSGAESAMG
 LTPEHMRASYDTYINHGNSSSATIFSVLNRLREKDMDALAPDGKVKEYIVGCAFGPGINVEMCMLKRRMNCPTTTTTGLD
 TPPETDDSEGPGPGSSAGSEDGESIEGDKEDKKEKFISEALDNVELD","butyryl-coa","1"
"207","CtPKS","Fungi","MVADALVYHPAVSHYLKFVGTTVGRDKILRTLQYFARFYAWYLLRTNKPKTAIQPWEAMKKQFGLVRKVLRAGKNVEHFK
 AAAVAYDAKTGRLAEDPVLRYATIGRQLGYAGYLTLDLATLLDATGIRKSKHAKALQQEAYRFWLVGLACSVVAQLYTLW
 QLRRREAKVDRKEGEGVVEAKTIAKERVVSQLQLTSDLCDLTVPLAGLGWVPIDDGFVGLAGTLSSLIGVYNQWKKTALL
 EGCVLTSPQKENILLDQATIRPSGAPAESRRPSAALMASSKGLEGLGLSIVGLARQYPPYSLKPDALEVLSKRFYSQTAV
 MSKVLSINRYTGIEQRSSIGTPDHPLVNQPNPPTITQLHEVFMSDGVPLAVAAARKALQEAHVAPSQVTHMVSTTCTDSA
 NPGYDHFVAQELGLSYNVEKVLLHGVGCSGGLAALRTAANLCLGHSCRGLPARILVVALEITTTLVRSELESILNQTR
 IGVTLFSDCAGVLVLSNNFTSPSHPPPSPPIYSLLTWYHTTIPSTESDLGFDIDPTGWKVVLSPAVPRLTQSALLPAFHS
 LLPDHLLSTLPENYRSPADFDWAMHPGGSTILTGAEQVLGITSLHMRASYDTYIRHGNSSSATMMSVLDRLREKDMDELA
 PPCGSDSSGTGRGGFNDGKDKGASKGKPREYIIGCAFGPGISVEMCLLKRHFAGPRRVNSTPGMETPPETESELSLEGSD
 SDSKSDRDDEMTGKHGSPDSAKPPQKNNEGFISEALESPEVD","butyryl-coa","1"
"210","FiPKS","Fungi","MAAPSAFGELGLSIIGLSAEYPPHSLDYTCLNTLGDKFYPDTPAMKKVLGINRYTGIDTR
 SSIGTPDHPAVNKKEAPSIAELHSIFQSDGVPLAIRAARKAIDEAKIDTRFITHIVATTC
 TDSANPGFDHFVAKGLGITHGVEKVLLHGVGCSGGLATLRTGANLALGHKARGLPARVLC
 VALEVSTTMVRSELDSINELQETRIGACLFSDCGSAVVLSNGIGEPSEPVYDLLGWDHRT
 IPDTEDDLGFDVDPVGWKVILTPRVPKLTAASIGPAFTDLKASLPQLPPDYQKAADFDWA
 MHPGGATILSGAEKVMDITPEHQRASYDTYINHGNSSSATIFSVMDRLRSKEMMAPDG
 RVRDYVVGCAFGPGITVEMCMLKRNMTPRTDITGLQTPPETPAETETEPSEAGDGGEWGT
 ENSGSPAERNSVSESQDQYTKFIAESLESLDLD","butyryl-coa","1"
"211","QNS-Marmelos","Plant","MVTMEEIRKAQRAEGLATILAISTATPPNCVIQADYPDYYFKITNSEHMTELKEKFRRLC
 EKSMIRKRHMCLTEEILKANPNMCLHMGTSLRQDISLVEVPKLGKEAATKAIKEWGQP
 KSKITHLIFCTSAGVDMPGADYQLTRLLGLSPEVKRMMIYQQGCYAGATVLRLAKDLTEN
 NKGSRVLIVCSENTVPTFRGPSDTHIDSLVGQALFADGAAALIVGADPDASIERPLYHIV
 SASQTLLPDSDGAIEGHIREAGLTVHLKKDVPAFFSANIEKSLVDAFTPIGISDWNSIFW
 IAHPGGPAILDQVEEKLGLRKDKLKASRHVMSEFGNMSSACVLFILDEMRKTCLEEGKAT
 TGEGLDWGVLFGFGPGLTVETVVLRSVPIEA","butyryl-coa","1"
"215","ARAS1","Plant","MPGATTAAIVDSRRGTQHSEGPATILAIGTANPENIMFQDNFADYYFGLTKSEHLTELKE
 KMKRICHKSGIEKRYIHLDAELISVHPEIIDKHLPSLETRVDIVATEVPKLAESAARKAI
 AEWGRPATDITHLIFSTYSGCRAPSADLQLASLLGLRPSVSRTILSLHGCSGGGRALQLA
 KEIAENNRGARVLIACSELTLICFSTPDESKIIGHGLFGDGAGAVIVGADPSVDGECPLF
 EMVAASQTMIPGTEHALGMQATSSGIDFHLSIQVPTLIKDNIHQCLLFRSVGNTDPNW
 NDLFWAVHPGGRAILDNIEDKLQLHPCKLAASRQVLSEYGNMSGATIAFVLDELRRRREK
 EQDIQQQPEWGVLLAFGPGVTIESIVLRNPLSRGLKEN","butyryl-coa","0"
"216","ARAS2","Plant","MPGAATTAAVVDSRRSAQRAEGPATIIAIGTANPANIVPQDNFADYYFGLTKSEHLTELK
 DKMKRICKKSGIEKRYIHLDEEIIRAHPEIIDKHQPSLEARVEIAAAEVPKLAESAARKA
 IAKWGRPATDITHLIFSTYSGCRAPSADLQLASLLGLRPSVSRTILSLHGCSGGGRALQL
 AKELAENNRGARVLVALSELTLVCFSTPDESKIVGHGLFGDGAGAIIVGAGPFSDGECPL
 FEMVAASQTMIPGTEHALGMQATSTGIDFHLSVQVPMLIKDNIQQSLLESFQSVGYTDPD
 WNNLFWAVHPGGRAILDNIEGKLQLQPWKLAASRQVLREFGNMSGATIAFVLDELCHRRE
 KDEDESQQHEWGVMLAFGPGITIETIVMRNPLARGLKQN","butyryl-coa","1"
"217","Sg-RppA","bacterial","MATLCRPAIAVPEHVITMQQTLDLARETHAGHPQRDLVLRLIQNTGVQTRHLVQPIEKTL
 AHPGFEVRNQVYEAEAKTRVPEVVRRALAETEPSEIDLIVYVSCTGFMMPSLTAWIIN
 SMGFRPETRQLPIAQLGCAAGGAAINRAHDFCVAYPDSNVLIVSCEFCSLCYQPTDIGVG
 SLLSNGLFGDALSAAVVRGQGGTGMRLERNGSHLVPDTEDWISYAVRDTGFHFQLDKRVP
 GTMEMLAPVLLDLVDLHGWSVPNMDFFIVHAGGPRILDDLCHFLDLPPEMFRYSRATLTE
 RGNIASSVVFDALARLFDDGGAAESAQGLIAGFGPGITAEVAVGSWAKEGLGADVGRDLD
 ELELTAGVALSG","butyryl-coa","1"
"218","ArsB","bacterial","MSSPHVLTGFTPVQLAKPVPQALTLELSAYAFARAYCIKNGVGTDDEAGFAKVYQSVKEKFDKYALSS AQIKRRQLIFFPKVSDIHFANGHVDIAAPEHAYLKLYDMATDPRGSDLKVRHESYAKVVDQGLERMFQDS AEAPDDLIHVTCSGYLSPSPVERMAADRGWFETTVTHSYHMGCYGAFPAIKMAHGMLSSSRFGVTPVKHR VDIVHTELLSAHNNIVDARAENIITMTLFADGLIKYSVLSEEELHRQGGHGLRVLAMNEHLLPDSADEMT WVPGSHQFLMTLTPMVPVVIKRHVRDFVVKLLERAGIDYERERLELTFAIHPGGPKIVEHIQEDLGLSDE QVAISKSVFLENGNMSSATIPHILKQVLEEVDVGTRVLCLGFGPGLTVTGMVLEKI","butyryl-coa","0"
"219","ArsC","bacterial","MNDMAHPNSAVLADFIPVQLAKPVPQRITLELTAYGFARAHCLSNGITDEEGFVQVYKTVKEKFDKYAVS PAQIKQRQLVYFPKLTDIRFGDGNFDIADPEPDQAHLRLFDIKKDPRGADLKTRHESYAKVVGKGLEQMF EGTLEAPDDLIHVTCSGYLAPSPAERMVADRGWFETTVTHSYNMGCYGAFPAIKMAHGMLASAQWGATPP KTRVDIAHTELMSAHNNIAESRVDNIISATLFSDGLIKYSVYPEDELRRQGLRGLRILAMSEHLLPDSAD TMTGVPGSHQFVMTLSPLVPAIIKRHVRAFAVDLLRRAGMDFERDKDALSFAIHPGGPKIVDHVQEELGL AEDQVAISKSVFLENGNMSSSTIPHILKAYLEEATVGTRIACLGFGPGLTAAGLVLEKI","butyryl-coa","0"
"221","BpsA","bacterial","MAFILSIGTSLPAYNVNQEKAAEFARYMFQHSFKDIDRLLSSFKNGQIHSRQFVKPIEWY KEGHSFEEKNQIYIEETLKHSRAAVRECLSHPEFFQEAIPYEKVEAVFFVSSTGLSTPSI EARLMNELPFSPYTKRIPIWGLGCAGGASGLARAAEYCKAYPEAFVLVISAELCSLTFQP EDKTKSNLIGTSLFGDGIAAALLCGEKADRRVSKLKLAPKIMDAQSVLMKQSEDVMGWDF TDQGFKVIFSRDIPTLVEKWLKTNVQIFLDKHKLSFHDISVFLAHPGGKKVIDAYIKSLG LSSEKLSSAQSILQKHGNMSSATILYVIKDHLQNGHKKEAERGLIGALGPGFSSELLLFS WEKGA","butyryl-coa","1"
"222","PhlD","bacterial","MSTLCLPHVMFPQHKITQQQMVDHLENLHADHPRMALAKRMIANTEVNERHLVLPIDELA
 VHTGFTHRSIVYEREARQMSSAAARQAIEGLQISDIRMVIVTSCTGFMMPSLTAHLIN
 DLALPTSTVQLPIAQLGCVAGAAAINRANDFARLDARNHVLIVSLEFSSLCYQPDDTKLH
 AFISAALFGDAVSACVLRADDQAGGFKIKKTESYFLPKSEHYIKYDVKDTGFHFTLDKAV
 MNSIKDVAPVMERLNYESFEQNCAHNDFFIFHTGGRKILDELVMHLDLASNRVSQSRSSL
 SEAGNIASVVVFDVLKRQFDSNLNRGDIGLLAAFGPGFTAEMAVGEWTA","butyryl-coa","1"
"223","gcs","bacterial","MAAYLCAPAVIHGEHSVETREIVEEVRGRHPHAPWAPRIDGIAASTGIESRGWMLPLEAA VAPGGGGDLGAAREALVRDGFTEQDANRAIAALKAVPASQTVQERTAPAWEAVQAYGERA ARGALQIAGLDVADVDCLITSNSTTPALPGLDVALANRLPLRGDTMLLPATQWACVAGTR SLALAADLVAADPDRVVLVVISEALSTTYQPADDTLESLIVRLLFADTAVAAVVTGRPRP ESVLRLDAAWHHTLPGTRDLHRLETRADGTHFVMDRRGPRAVQETVTAMWEWLRVRYEDD PSSWHPDVLLAHPGGTRVLEYMEQTMPDEWPSGLLSYSRDSYTSGNRGGAAVFDILRRAH DAGQKTGSRAVLYAAAPGLTATALEGEWL","butyryl-coa","1"
"226","ORAS","Fungi","MAASTVAGELGLSITGLGVQYPPYSLGPDAIDILSKRYHPESPAMKKVLAINRYTGIDQRSSIGNPDHPLVNKPNPPTVK
 ELHEVFMSDGVPLAVEASRKAMAEARLVPAQITHMVSTTCTDSANPGYDHYVAKELGLSDRLEKVLLHGIGCSGGLAALR
 TAANLCLGHTARGKPARILVLALEVSTTMVRSELESIDALQETRIGIALFSDCASAVILSNGIGEAPGKPAIYDLLGWEN
 RVIPDSEHDLGFDVDPMGWKVVLSPRVPVLAKASLQPTYADLLSSLQDQLPSSYQKPADFDWAMHPGGATILSGAESAMG
 LTPEHMRASYDRYINHGNSSSATIFSVLNRLREKDMDALAPGGKVKEYVVGCAFGPGINVEMCMLKRRMPARTTTGLD
 TPPETDDSEGPGPGSSAGSDDGESIEGGEKEEKFINEALDNVELD","acetyl-coa","0"
"227","AnPKS","Fungi","MGNTFSASPSDGQPPKQQVPLKGDEAVITGMGTEWPSRLVVPEELSDYAKKIYPDNPPWLKAMLKINTQTGIETRPVVDL
 WDDPRWLGTSPPTTEDVDTEFRKFSVELSKALKALRESNIEPSSITHIVSVTVTNGGAPGFDQLVARELGLSPTAERI
 LLSGIGCGGGCAALRVASTIASAATYRKQEARILVVACELCSIHLRAELHASSQSGMTGVAPALFSDGAAALVVCNPLGM
 SDKTPKQFAIVDQRTGVTPGTLDEMSYTVSTHGFLASISKNIPKLAVASIQAPFQSLIQSNGMSSASPTDFHWALHPGGK
 AVIQGAQDALNLPDDALAASKEIYRTKGNTSSVAVLAVLEKVRGLKLQSPNVVACSFGPGLTTEMTLLRRMV","acetyl-coa","1"
"228","An-CsyA","Fungi","MAPLIHGTSPPEIRNHSDDSLSKRAVSVVGTGAHYPPHELRSDELEKLISAFHDPNDPAVRKTLYVNEKSRIQTRRAAVP
 FDDPFWSDPKLPDIAECDVLFRKYGVPVAEEAARKALADWNGSFNDLTHVVVVTCTNTANPGLDYMICERLGLRKNVQRT
 LLHGVGCAGGAAALRTANELLLGAAFQGKPGRALVVACEICMIFFRSMLEDIVKAQEANVAMTLFGDGAGAMVLSNGICP
 KTSERAPLWNILNCRTTLLEDSASSIQFNIRPHGYDPVITKEVPGQTSAALPSGFQDLISSTPSLYSDKSNFDPSSYDWA
 LHPGGYSIAVLAQLGITEHHLRKTYEVYRSRGNTSSSTVISVINELAREQGTSESGRDKVIVAAFGPGITMELAVMAR
 PA","acetyl-coa","1"
"231","SmPKS","Fungi","MAASTAPGELGLSITGLGVQYPPYSLGPDCLDILSKRYYPESPAMKKVLAINRYTGIDQRSSIGNPDHPLVNQPNSPTVD
 ELHKVFMSDGVPLAVEASRKAMAEARVEPNQITHMVSTTCTDSANPGYDHFVAKELGLSDRLEKVLLHGIGCSGGLAALR
 TAANLCLGHKARGKPARILVLALEVSTIMVRSELESILQETRIGIALFSDCASAVVLSNGIGEEPGKPAIYDLLGWEN
 RVIPDSEHDLGFDVDPMGWKVVLSPRVPVLAKASLQPTYTDLLSSFQDQLPSSYQKPADFDWAMHPGGATILSGAESAMG
 LTPEHMRASYDTYINHGNSSSATIFSVLNRLREKDMDALAPDGKVKEYIVGCAFGPGINVEMCMLKRRMNCPTTTTTGLD
 TPPETDDSEGPGPGSSAGSEDGESIEGDKEDKKEKFISEALDNVELD","acetyl-coa","0"
"232","CtPKS","Fungi","MVADALVYHPAVSHYLKFVGTTVGRDKILRTLQYFARFYAWYLLRTNKPKTAIQPWEAMKKQFGLVRKVLRAGKNVEHFK
 AAAVAYDAKTGRLAEDPVLRYATIGRQLGYAGYLTLDLATLLDATGIRKSKHAKALQQEAYRFWLVGLACSVVAQLYTLW
 QLRRREAKVDRKEGEGVVEAKTIAKERVVSQLQLTSDLCDLTVPLAGLGWVPIDDGFVGLAGTLSSLIGVYNQWKKTALL
 EGCVLTSPQKENILLDQATIRPSGAPAESRRPSAALMASSKGLEGLGLSIVGLARQYPPYSLKPDALEVLSKRFYSQTAV
 MSKVLSINRYTGIEQRSSIGTPDHPLVNQPNPPTITQLHEVFMSDGVPLAVAAARKALQEAHVAPSQVTHMVSTTCTDSA
 NPGYDHFVAQELGLSYNVEKVLLHGVGCSGGLAALRTAANLCLGHSCRGLPARILVVALEITTTLVRSELESILNQTR
 IGVTLFSDCAGVLVLSNNFTSPSHPPPSPPIYSLLTWYHTTIPSTESDLGFDIDPTGWKVVLSPAVPRLTQSALLPAFHS
 LLPDHLLSTLPENYRSPADFDWAMHPGGSTILTGAEQVLGITSLHMRASYDTYIRHGNSSSATMMSVLDRLREKDMDELA
 PPCGSDSSGTGRGGFNDGKDKGASKGKPREYIIGCAFGPGISVEMCLLKRHFAGPRRVNSTPGMETPPETESELSLEGSD
 SDSKSDRDDEMTGKHGSPDSAKPPQKNNEGFISEALESPEVD","acetyl-coa","0"
"234","NuPKS","Fungi","MPSAAVNPTPPHTPVLATTPTSPHAYAASSSHILGIGTAFPQDLLYPQGLEDFATKWCEP
 SESLSKTLMVNNHTQINHRPLVQRITDPLLNQEEPPKIRDVNKVFMEKGVDLALAAAKKA
 LADWGGSLDDITHLVCNTCTASSYPGYDHAVLMALDLPLSTDRTLLHGVGCAGGLSLVRL
 AHQLSRVPVDRSPTSKPNRILIISTEVTSTLCRSEIDELNKASKAPDGDKGWPNVSLCLF
 SDGASAMIVGTADSEGHLHEQSSFEILDCITETVPDTVEDLGFNVDEYGWKAIISQRV
 PKLTSQAVPQLYNRLMSRSPLAIRAKLSKDLSYLASPPSETQPNTLDWMIHPGGSLIISK
 IEKELGLSCEDHTQASWNVYQNNGNTSSVSIGAVIERSREVQDREGCVAVAFGPGVTVEM
 CLLRRTGWRGSKTENGQSSVKVNGSNGDAAASGHDIQVNGGWEKDKPTATETPETRAEKY
 ADLGIHEESSATDKAHTAAGQRLKRKPDSDLAEIISSNKRSKTENKPDNGDNKVAP","acetyl-coa","0"
"239","BNS-Palmatum","Plant","MATEEMKKLATVMAIGTANPPNCYYQADFPDFYFRVTNSDHLINLKQKFKRLCENSRIEK
 RYLHVTEEILKENPNIAAYEATSLNVRHKMQVKGVAELGKEAALKAIKEWGQPKSKITHL
 IVCCLAGVDMPGADYQLTKLLDLDPSVKRFMFYHLGCYAGGTVLRLAKDIAENNKGARVL
 IVCSEMTTTCFRGPSETHLDSMIGQAILGDGAAAVIVGADPDLTVERPIFELVSTAQTIV
 PESHGAIEGHLLESGLSFHLYKTVPTLISNNIKTCLSDAFTPLNISDWNSLFWIAHPGGP
 AILDQVTAKVGLEKEKLKVTRQVLKDYGNMSSATVFFIMDEMRKKSLENGQATTGEGLEW
 GVLFGFGPGITVETVVLRSVPVIS","acetyl-coa","0"
"240","ARAS1","Plant","MPGATTAAIVDSRRGTQHSEGPATILAIGTANPENIMFQDNFADYYFGLTKSEHLTELKE
 KMKRICHKSGIEKRYIHLDAELISVHPEIIDKHLPSLETRVDIVATEVPKLAESAARKAI
 AEWGRPATDITHLIFSTYSGCRAPSADLQLASLLGLRPSVSRTILSLHGCSGGGRALQLA
 KEIAENNRGARVLIACSELTLICFSTPDESKIIGHGLFGDGAGAVIVGADPSVDGECPLF
 EMVAASQTMIPGTEHALGMQATSSGIDFHLSIQVPTLIKDNIHQCLLFRSVGNTDPNW
 NDLFWAVHPGGRAILDNIEDKLQLHPCKLAASRQVLSEYGNMSGATIAFVLDELRRRREK
 EQDIQQQPEWGVLLAFGPGVTIESIVLRNPLSRGLKEN","acetyl-coa","0"
"241","ARAS2","Plant","MPGAATTAAVVDSRRSAQRAEGPATIIAIGTANPANIVPQDNFADYYFGLTKSEHLTELK
 DKMKRICKKSGIEKRYIHLDEEIIRAHPEIIDKHQPSLEARVEIAAAEVPKLAESAARKA
 IAKWGRPATDITHLIFSTYSGCRAPSADLQLASLLGLRPSVSRTILSLHGCSGGGRALQL
 AKELAENNRGARVLVALSELTLVCFSTPDESKIVGHGLFGDGAGAIIVGAGPFSDGECPL
 FEMVAASQTMIPGTEHALGMQATSTGIDFHLSVQVPMLIKDNIQQSLLESFQSVGYTDPD
 WNNLFWAVHPGGRAILDNIEGKLQLQPWKLAASRQVLREFGNMSGATIAFVLDELCHRRE
 KDEDESQQHEWGVMLAFGPGITIETIVMRNPLARGLKQN","acetyl-coa","0"
"243","ArsB","bacterial","MSSPHVLTGFTPVQLAKPVPQALTLELSAYAFARAYCIKNGVGTDDEAGFAKVYQSVKEKFDKYALSS AQIKRRQLIFFPKVSDIHFANGHVDIAAPEHAYLKLYDMATDPRGSDLKVRHESYAKVVDQGLERMFQDS AEAPDDLIHVTCSGYLSPSPVERMAADRGWFETTVTHSYHMGCYGAFPAIKMAHGMLSSSRFGVTPVKHR VDIVHTELLSAHNNIVDARAENIITMTLFADGLIKYSVLSEEELHRQGGHGLRVLAMNEHLLPDSADEMT WVPGSHQFLMTLTPMVPVVIKRHVRDFVVKLLERAGIDYERERLELTFAIHPGGPKIVEHIQEDLGLSDE QVAISKSVFLENGNMSSATIPHILKQVLEEVDVGTRVLCLGFGPGLTVTGMVLEKI","acetyl-coa","0"
"244","ArsC","bacterial","MNDMAHPNSAVLADFIPVQLAKPVPQRITLELTAYGFARAHCLSNGITDEEGFVQVYKTVKEKFDKYAVS PAQIKQRQLVYFPKLTDIRFGDGNFDIADPEPDQAHLRLFDIKKDPRGADLKTRHESYAKVVGKGLEQMF EGTLEAPDDLIHVTCSGYLAPSPAERMVADRGWFETTVTHSYNMGCYGAFPAIKMAHGMLASAQWGATPP KTRVDIAHTELMSAHNNIAESRVDNIISATLFSDGLIKYSVYPEDELRRQGLRGLRILAMSEHLLPDSAD TMTGVPGSHQFVMTLSPLVPAIIKRHVRAFAVDLLRRAGMDFERDKDALSFAIHPGGPKIVDHVQEELGL AEDQVAISKSVFLENGNMSSSTIPHILKAYLEEATVGTRIACLGFGPGLTAAGLVLEKI","acetyl-coa","0"
"246","BpsA","bacterial","MAFILSIGTSLPAYNVNQEKAAEFARYMFQHSFKDIDRLLSSFKNGQIHSRQFVKPIEWY KEGHSFEEKNQIYIEETLKHSRAAVRECLSHPEFFQEAIPYEKVEAVFFVSSTGLSTPSI EARLMNELPFSPYTKRIPIWGLGCAGGASGLARAAEYCKAYPEAFVLVISAELCSLTFQP EDKTKSNLIGTSLFGDGIAAALLCGEKADRRVSKLKLAPKIMDAQSVLMKQSEDVMGWDF TDQGFKVIFSRDIPTLVEKWLKTNVQIFLDKHKLSFHDISVFLAHPGGKKVIDAYIKSLG LSSEKLSSAQSILQKHGNMSSATILYVIKDHLQNGHKKEAERGLIGALGPGFSSELLLFS WEKGA","acetyl-coa","0"
"247","PhlD","bacterial","MSTLCLPHVMFPQHKITQQQMVDHLENLHADHPRMALAKRMIANTEVNERHLVLPIDELA
 VHTGFTHRSIVYEREARQMSSAAARQAIEGLQISDIRMVIVTSCTGFMMPSLTAHLIN
 DLALPTSTVQLPIAQLGCVAGAAAINRANDFARLDARNHVLIVSLEFSSLCYQPDDTKLH
 AFISAALFGDAVSACVLRADDQAGGFKIKKTESYFLPKSEHYIKYDVKDTGFHFTLDKAV
 MNSIKDVAPVMERLNYESFEQNCAHNDFFIFHTGGRKILDELVMHLDLASNRVSQSRSSL
 SEAGNIASVVVFDVLKRQFDSNLNRGDIGLLAAFGPGFTAEMAVGEWTA","acetyl-coa","0"
"248","gcs","bacterial","MAAYLCAPAVIHGEHSVETREIVEEVRGRHPHAPWAPRIDGIAASTGIESRGWMLPLEAA VAPGGGGDLGAAREALVRDGFTEQDANRAIAALKAVPASQTVQERTAPAWEAVQAYGERA ARGALQIAGLDVADVDCLITSNSTTPALPGLDVALANRLPLRGDTMLLPATQWACVAGTR SLALAADLVAADPDRVVLVVISEALSTTYQPADDTLESLIVRLLFADTAVAAVVTGRPRP ESVLRLDAAWHHTLPGTRDLHRLETRADGTHFVMDRRGPRAVQETVTAMWEWLRVRYEDD PSSWHPDVLLAHPGGTRVLEYMEQTMPDEWPSGLLSYSRDSYTSGNRGGAAVFDILRRAH DAGQKTGSRAVLYAAAPGLTATALEGEWL","acetyl-coa","0"
"250","Sc-RppA","bacterial","MATLCRPSVSVPEHVITMEETLELARRRHTDHPQLPLALRLIENTGVRTRHIVQPIEDTL
 EHPGFEDRNKVYEREAKSRVPAVIQRALDDAELLATDIDVIIYVSCTGFMMPSLTAWLIN
 EMGFDSTTRQIPIAQLGCAAGGAAINRAHDFCTAYPEALIVACEFCSLCYQPTDLGVG
 SLLCNGLFGDGIAAAVVRGRGGTGVRLERNGSYLIPKTEDWIMYDVKATGFHFLLDKRVP
 ATMEPLAPALKELAGEHGWDASDLDFYIVHAGGPRILDDLSTFLEVDPHAFRFSRATLTE
 YGNIASAVVLDALRRLFDEGGVEEGARGLLAGFGPGITAEMSLGCWQTADVRRGIRQDVT
 RTAARGVSRRVRQA","acetyl-coa","1"
"251","ORAS","Fungi","MAASTVAGELGLSITGLGVQYPPYSLGPDAIDILSKRYHPESPAMKKVLAINRYTGIDQRSSIGNPDHPLVNKPNPPTVK
 ELHEVFMSDGVPLAVEASRKAMAEARLVPAQITHMVSTTCTDSANPGYDHYVAKELGLSDRLEKVLLHGIGCSGGLAALR
 TAANLCLGHTARGKPARILVLALEVSTTMVRSELESIDALQETRIGIALFSDCASAVILSNGIGEAPGKPAIYDLLGWEN
 RVIPDSEHDLGFDVDPMGWKVVLSPRVPVLAKASLQPTYADLLSSLQDQLPSSYQKPADFDWAMHPGGATILSGAESAMG
 LTPEHMRASYDRYINHGNSSSATIFSVLNRLREKDMDALAPGGKVKEYVVGCAFGPGINVEMCMLKRRMPARTTTGLD
 TPPETDDSEGPGPGSSAGSDDGESIEGGEKEEKFINEALDNVELD","coumaroyl-coa","0"
"252","AnPKS","Fungi","MGNTFSASPSDGQPPKQQVPLKGDEAVITGMGTEWPSRLVVPEELSDYAKKIYPDNPPWLKAMLKINTQTGIETRPVVDL
 WDDPRWLGTSPPTTEDVDTEFRKFSVELSKALKALRESNIEPSSITHIVSVTVTNGGAPGFDQLVARELGLSPTAERI
 LLSGIGCGGGCAALRVASTIASAATYRKQEARILVVACELCSIHLRAELHASSQSGMTGVAPALFSDGAAALVVCNPLGM
 SDKTPKQFAIVDQRTGVTPGTLDEMSYTVSTHGFLASISKNIPKLAVASIQAPFQSLIQSNGMSSASPTDFHWALHPGGK
 AVIQGAQDALNLPDDALAASKEIYRTKGNTSSVAVLAVLEKVRGLKLQSPNVVACSFGPGLTTEMTLLRRMV","coumaroyl-coa","0"
"261","QNS-Marmelos","Plant","MVTMEEIRKAQRAEGLATILAISTATPPNCVIQADYPDYYFKITNSEHMTELKEKFRRLC
 EKSMIRKRHMCLTEEILKANPNMCLHMGTSLRQDISLVEVPKLGKEAATKAIKEWGQP
 KSKITHLIFCTSAGVDMPGADYQLTRLLGLSPEVKRMMIYQQGCYAGATVLRLAKDLTEN
 NKGSRVLIVCSENTVPTFRGPSDTHIDSLVGQALFADGAAALIVGADPDASIERPLYHIV
 SASQTLLPDSDGAIEGHIREAGLTVHLKKDVPAFFSANIEKSLVDAFTPIGISDWNSIFW
 IAHPGGPAILDQVEEKLGLRKDKLKASRHVMSEFGNMSSACVLFILDEMRKTCLEEGKAT
 TGEGLDWGVLFGFGPGLTVETVVLRSVPIEA","coumaroyl-coa","1"
"262","QNS-Microcarpa","Plant","MESMAKVKNFLKRSKGPASILAIGTANPPTCFNQSDYPDFYFRVTDCEHKTELKDKFKRICDRSAVKKRYLHVTEEVLKENPSMRSYPSLDARQALLIEQVPKLGKEAAAKAIKEWGQPLSKFTHLVFSAMAGVDIPGADLRLMNLLGLEPSVKRLMIYSQGCFIGGAAIRCAKDVAENGARVLVVFSDIVNMYFHEPQEAHLDILVGQAVFGDGAAAVIVGADPEVSIERPLFHVVSSTQMSVPDTNKFIRAHVKEMGMELYLSKDVPATVGKNIEKLLVDAVSPFGISDWNSLFYSVHPGGRAILDQVELNLGLGKEKLRASRHVLSEYGNMGGSSVYFILDEIRKKSMQEAKPTTGDGLEWGVLFAIGPGLTVETVILLSVPIDSAC","coumaroyl-coa","0"
"263","ANS-Microcarpa","Plant","MVTMEEIRRAKRAEGLATILAISTATPPNCVIQADYPDYYFGITNSEHMTELKEKFKLLCEKSMIRKRHMCLTEEILKANPNMCLYMGTSLDARQDISLVEVPKLGKEAATKAIKEWGQPKSNITHLIFCTSAGVDMPGADYQLTRLIGLNPDVKRMMIYQQGCYAGATILRLAKDLAENNKGSRVLVVCSENTIPTFRGPSYTHIDSLVGQALFADGAAALIVGADPDTSIERPLYHIVSASQTLLPDSDGAIEGHIREAGLTVHLKKDVPEFFSANIEKSLVDAFTPIGISDWNSIFWIAHPGGPAILDQVEAKLGLKKDKLRASRHVMSEYGNMSSACVLFILDEMRNKCLEEGKATTGEGLDWGVLFGFGPGLTVETVVLHSLPIEA","coumaroyl-coa","1"
"264","BNS-Palmatum","Plant","MATEEMKKLATVMAIGTANPPNCYYQADFPDFYFRVTNSDHLINLKQKFKRLCENSRIEK
 RYLHVTEEILKENPNIAAYEATSLNVRHKMQVKGVAELGKEAALKAIKEWGQPKSKITHL
 IVCCLAGVDMPGADYQLTKLLDLDPSVKRFMFYHLGCYAGGTVLRLAKDIAENNKGARVL
 IVCSEMTTTCFRGPSETHLDSMIGQAILGDGAAAVIVGADPDLTVERPIFELVSTAQTIV
 PESHGAIEGHLLESGLSFHLYKTVPTLISNNIKTCLSDAFTPLNISDWNSLFWIAHPGGP
 AILDQVTAKVGLEKEKLKVTRQVLKDYGNMSSATVFFIMDEMRKKSLENGQATTGEGLEW
 GVLFGFGPGITVETVVLRSVPVIS","coumaroyl-coa","1"
"265","ARAS1","Plant","MPGATTAAIVDSRRGTQHSEGPATILAIGTANPENIMFQDNFADYYFGLTKSEHLTELKE
 KMKRICHKSGIEKRYIHLDAELISVHPEIIDKHLPSLETRVDIVATEVPKLAESAARKAI
 AEWGRPATDITHLIFSTYSGCRAPSADLQLASLLGLRPSVSRTILSLHGCSGGGRALQLA
 KEIAENNRGARVLIACSELTLICFSTPDESKIIGHGLFGDGAGAVIVGADPSVDGECPLF
 EMVAASQTMIPGTEHALGMQATSSGIDFHLSIQVPTLIKDNIHQCLLFRSVGNTDPNW
 NDLFWAVHPGGRAILDNIEDKLQLHPCKLAASRQVLSEYGNMSGATIAFVLDELRRRREK
 EQDIQQQPEWGVLLAFGPGVTIESIVLRNPLSRGLKEN","coumaroyl-coa","0"
"266","ARAS2","Plant","MPGAATTAAVVDSRRSAQRAEGPATIIAIGTANPANIVPQDNFADYYFGLTKSEHLTELK
 DKMKRICKKSGIEKRYIHLDEEIIRAHPEIIDKHQPSLEARVEIAAAEVPKLAESAARKA
 IAKWGRPATDITHLIFSTYSGCRAPSADLQLASLLGLRPSVSRTILSLHGCSGGGRALQL
 AKELAENNRGARVLVALSELTLVCFSTPDESKIVGHGLFGDGAGAIIVGAGPFSDGECPL
 FEMVAASQTMIPGTEHALGMQATSTGIDFHLSVQVPMLIKDNIQQSLLESFQSVGYTDPD
 WNNLFWAVHPGGRAILDNIEGKLQLQPWKLAASRQVLREFGNMSGATIAFVLDELCHRRE
 KDEDESQQHEWGVMLAFGPGITIETIVMRNPLARGLKQN","coumaroyl-coa","0"
"270","Ncs","bacterial","MAVLCKPAIAVPDHIITNEETLELARRLHSDHPQLALACRLIEHTGVRKRHLIQPIDEVL KHPGLDARSATYETESKARVPSVVRRALDQAELEPDQIDLIIYVSCTGFMMPSLASWLVN TMGFRADTRQLPIAQLGCAAGGAAVNRAHDFCTAYPGTNVLIVACEFCSLCYQPTDLGIG SLLSNGLFGDGIAAAVVRGEEGTGMRLERNGTYLIPHTEEWISYAVRSTGFHFQLDKRVP GTMEPLSPALRALAEQHQWGKLDFYIIHAGGPRILDDLSRFLDVPPGAFRHSRATLTE YGNIASAVVLDALGRLFDEQSALDGHHGMLAGFGPGIIAEMSLGTWVSPES","coumaroyl-coa","1"
"277","AnPKS","Fungi","MGNTFSASPSDGQPPKQQVPLKGDEAVITGMGTEWPSRLVVPEELSDYAKKIYPDNPPWLKAMLKINTQTGIETRPVVDL
 WDDPRWLGTSPPTTEDVDTEFRKFSVELSKALKALRESNIEPSSITHIVSVTVTNGGAPGFDQLVARELGLSPTAERI
 LLSGIGCGGGCAALRVASTIASAATYRKQEARILVVACELCSIHLRAELHASSQSGMTGVAPALFSDGAAALVVCNPLGM
 SDKTPKQFAIVDQRTGVTPGTLDEMSYTVSTHGFLASISKNIPKLAVASIQAPFQSLIQSNGMSSASPTDFHWALHPGGK
 AVIQGAQDALNLPDDALAASKEIYRTKGNTSSVAVLAVLEKVRGLKLQSPNVVACSFGPGLTTEMTLLRRMV","benzoyl-coa","1"
"278","An-CsyA","Fungi","MAPLIHGTSPPEIRNHSDDSLSKRAVSVVGTGAHYPPHELRSDELEKLISAFHDPNDPAVRKTLYVNEKSRIQTRRAAVP
 FDDPFWSDPKLPDIAECDVLFRKYGVPVAEEAARKALADWNGSFNDLTHVVVVTCTNTANPGLDYMICERLGLRKNVQRT
 LLHGVGCAGGAAALRTANELLLGAAFQGKPGRALVVACEICMIFFRSMLEDIVKAQEANVAMTLFGDGAGAMVLSNGICP
 KTSERAPLWNILNCRTTLLEDSASSIQFNIRPHGYDPVITKEVPGQTSAALPSGFQDLISSTPSLYSDKSNFDPSSYDWA
 LHPGGYSIAVLAQLGITEHHLRKTYEVYRSRGNTSSSTVISVINELAREQGTSESGRDKVIVAAFGPGITMELAVMAR
 PA","benzoyl-coa","1"
"279","BPKS","Fungi","MSNSTEGQQQQSASQHGFGSLNLSIVGLGVEYPPFLLEPADLDTLTKRHYPDSPAMKKVCTINNFTGIETRSAIGTVD
 HPMANMDRAPTIAELCSIFLKDGVALAVTACRKALHEAHLHPSDITHVVSTTCTNSANPGYDHFVCKALGITQPVEKVLL
 HGIGCSGGLASLRTAANLALGHSFRGKKARVLVMALEISSLLVRSELDSVHELQETRIGVTLFSDCASACVLSNGIGGTG
 EEESVYDLLGWEHKMIPDTEHDLGFDVDPLGWKVILSPRVPKLAAEAVSPIYHSLISNLPSLPSEYHNPADFDWALHPGG
 ATILTGVEKAMSISAEHMRASYDTYMKHGNSSSATIFSVLDRLRSKEMDGLTPNNRGPKEMIVGCAFGPGIAVEMCMLKR
 NLDHVKREWDGGVQSGVGGDITPPLTESEGTGSGNGSEGEVEAEDLKKVKEEGEKLDQKLKMVEPGVLEQKLGEGGKV
 NENEKLDSLEEALDGVELD","benzoyl-coa","1"
"281","SmPKS","Fungi","MAASTAPGELGLSITGLGVQYPPYSLGPDCLDILSKRYYPESPAMKKVLAINRYTGIDQRSSIGNPDHPLVNQPNSPTVD
 ELHKVFMSDGVPLAVEASRKAMAEARVEPNQITHMVSTTCTDSANPGYDHFVAKELGLSDRLEKVLLHGIGCSGGLAALR
 TAANLCLGHKARGKPARILVLALEVSTIMVRSELESILQETRIGIALFSDCASAVVLSNGIGEEPGKPAIYDLLGWEN
 RVIPDSEHDLGFDVDPMGWKVVLSPRVPVLAKASLQPTYTDLLSSFQDQLPSSYQKPADFDWAMHPGGATILSGAESAMG
 LTPEHMRASYDTYINHGNSSSATIFSVLNRLREKDMDALAPDGKVKEYIVGCAFGPGINVEMCMLKRRMNCPTTTTTGLD
 TPPETDDSEGPGPGSSAGSEDGESIEGDKEDKKEKFISEALDNVELD","benzoyl-coa","1"
"285","FiPKS","Fungi","MAAPSAFGELGLSIIGLSAEYPPHSLDYTCLNTLGDKFYPDTPAMKKVLGINRYTGIDTR
 SSIGTPDHPAVNKKEAPSIAELHSIFQSDGVPLAIRAARKAIDEAKIDTRFITHIVATTC
 TDSANPGFDHFVAKGLGITHGVEKVLLHGVGCSGGLATLRTGANLALGHKARGLPARVLC
 VALEVSTTMVRSELDSINELQETRIGACLFSDCGSAVVLSNGIGEPSEPVYDLLGWDHRT
 IPDTEDDLGFDVDPVGWKVILTPRVPKLTAASIGPAFTDLKASLPQLPPDYQKAADFDWA
 MHPGGATILSGAEKVMDITPEHQRASYDTYINHGNSSSATIFSVMDRLRSKEMMAPDG
 RVRDYVVGCAFGPGITVEMCMLKRNMTPRTDITGLQTPPETPAETETEPSEAGDGGEWGT
 ENSGSPAERNSVSESQDQYTKFIAESLESLDLD","benzoyl-coa","1"
"286","QNS-Marmelos","Plant","MVTMEEIRKAQRAEGLATILAISTATPPNCVIQADYPDYYFKITNSEHMTELKEKFRRLC
 EKSMIRKRHMCLTEEILKANPNMCLHMGTSLRQDISLVEVPKLGKEAATKAIKEWGQP
 KSKITHLIFCTSAGVDMPGADYQLTRLLGLSPEVKRMMIYQQGCYAGATVLRLAKDLTEN
 NKGSRVLIVCSENTVPTFRGPSDTHIDSLVGQALFADGAAALIVGADPDASIERPLYHIV
 SASQTLLPDSDGAIEGHIREAGLTVHLKKDVPAFFSANIEKSLVDAFTPIGISDWNSIFW
 IAHPGGPAILDQVEEKLGLRKDKLKASRHVMSEFGNMSSACVLFILDEMRKTCLEEGKAT
 TGEGLDWGVLFGFGPGLTVETVVLRSVPIEA","benzoyl-coa","1"
"287","QNS-Microcarpa","Plant","MESMAKVKNFLKRSKGPASILAIGTANPPTCFNQSDYPDFYFRVTDCEHKTELKDKFKRICDRSAVKKRYLHVTEEVLKENPSMRSYPSLDARQALLIEQVPKLGKEAAAKAIKEWGQPLSKFTHLVFSAMAGVDIPGADLRLMNLLGLEPSVKRLMIYSQGCFIGGAAIRCAKDVAENGARVLVVFSDIVNMYFHEPQEAHLDILVGQAVFGDGAAAVIVGADPEVSIERPLFHVVSSTQMSVPDTNKFIRAHVKEMGMELYLSKDVPATVGKNIEKLLVDAVSPFGISDWNSLFYSVHPGGRAILDQVELNLGLGKEKLRASRHVLSEYGNMGGSSVYFILDEIRKKSMQEAKPTTGDGLEWGVLFAIGPGLTVETVILLSVPIDSAC","benzoyl-coa","1"
"288","ANS-Microcarpa","Plant","MVTMEEIRRAKRAEGLATILAISTATPPNCVIQADYPDYYFGITNSEHMTELKEKFKLLCEKSMIRKRHMCLTEEILKANPNMCLYMGTSLDARQDISLVEVPKLGKEAATKAIKEWGQPKSNITHLIFCTSAGVDMPGADYQLTRLIGLNPDVKRMMIYQQGCYAGATILRLAKDLAENNKGSRVLVVCSENTIPTFRGPSYTHIDSLVGQALFADGAAALIVGADPDTSIERPLYHIVSASQTLLPDSDGAIEGHIREAGLTVHLKKDVPEFFSANIEKSLVDAFTPIGISDWNSIFWIAHPGGPAILDQVEAKLGLKKDKLRASRHVMSEYGNMSSACVLFILDEMRNKCLEEGKATTGEGLDWGVLFGFGPGLTVETVVLHSLPIEA","benzoyl-coa","1"
"292","Sg-RppA","bacterial","MATLCRPAIAVPEHVITMQQTLDLARETHAGHPQRDLVLRLIQNTGVQTRHLVQPIEKTL
 AHPGFEVRNQVYEAEAKTRVPEVVRRALAETEPSEIDLIVYVSCTGFMMPSLTAWIIN
 SMGFRPETRQLPIAQLGCAAGGAAINRAHDFCVAYPDSNVLIVSCEFCSLCYQPTDIGVG
 SLLSNGLFGDALSAAVVRGQGGTGMRLERNGSHLVPDTEDWISYAVRDTGFHFQLDKRVP
 GTMEMLAPVLLDLVDLHGWSVPNMDFFIVHAGGPRILDDLCHFLDLPPEMFRYSRATLTE
 RGNIASSVVFDALARLFDDGGAAESAQGLIAGFGPGITAEVAVGSWAKEGLGADVGRDLD
 ELELTAGVALSG","benzoyl-coa","0"
"297","PhlD","bacterial","MSTLCLPHVMFPQHKITQQQMVDHLENLHADHPRMALAKRMIANTEVNERHLVLPIDELA
 VHTGFTHRSIVYEREARQMSSAAARQAIEGLQISDIRMVIVTSCTGFMMPSLTAHLIN
 DLALPTSTVQLPIAQLGCVAGAAAINRANDFARLDARNHVLIVSLEFSSLCYQPDDTKLH
 AFISAALFGDAVSACVLRADDQAGGFKIKKTESYFLPKSEHYIKYDVKDTGFHFTLDKAV
 MNSIKDVAPVMERLNYESFEQNCAHNDFFIFHTGGRKILDELVMHLDLASNRVSQSRSSL
 SEAGNIASVVVFDVLKRQFDSNLNRGDIGLLAAFGPGFTAEMAVGEWTA","benzoyl-coa","0"
"298","gcs","bacterial","MAAYLCAPAVIHGEHSVETREIVEEVRGRHPHAPWAPRIDGIAASTGIESRGWMLPLEAA VAPGGGGDLGAAREALVRDGFTEQDANRAIAALKAVPASQTVQERTAPAWEAVQAYGERA ARGALQIAGLDVADVDCLITSNSTTPALPGLDVALANRLPLRGDTMLLPATQWACVAGTR SLALAADLVAADPDRVVLVVISEALSTTYQPADDTLESLIVRLLFADTAVAAVVTGRPRP ESVLRLDAAWHHTLPGTRDLHRLETRADGTHFVMDRRGPRAVQETVTAMWEWLRVRYEDD PSSWHPDVLLAHPGGTRVLEYMEQTMPDEWPSGLLSYSRDSYTSGNRGGAAVFDILRRAH DAGQKTGSRAVLYAAAPGLTATALEGEWL","benzoyl-coa","0"
"300","Sc-RppA","bacterial","MATLCRPSVSVPEHVITMEETLELARRRHTDHPQLPLALRLIENTGVRTRHIVQPIEDTL
 EHPGFEDRNKVYEREAKSRVPAVIQRALDDAELLATDIDVIIYVSCTGFMMPSLTAWLIN
 EMGFDSTTRQIPIAQLGCAAGGAAINRAHDFCTAYPEALIVACEFCSLCYQPTDLGVG
 SLLCNGLFGDGIAAAVVRGRGGTGVRLERNGSYLIPKTEDWIMYDVKATGFHFLLDKRVP
 ATMEPLAPALKELAGEHGWDASDLDFYIVHAGGPRILDDLSTFLEVDPHAFRFSRATLTE
 YGNIASAVVLDALRRLFDEGGVEEGARGLLAGFGPGITAEMSLGCWQTADVRRGIRQDVT
 RTAARGVSRRVRQA","benzoyl-coa","1"
"302","AnPKS","Fungi","MGNTFSASPSDGQPPKQQVPLKGDEAVITGMGTEWPSRLVVPEELSDYAKKIYPDNPPWLKAMLKINTQTGIETRPVVDL
 WDDPRWLGTSPPTTEDVDTEFRKFSVELSKALKALRESNIEPSSITHIVSVTVTNGGAPGFDQLVARELGLSPTAERI
 LLSGIGCGGGCAALRVASTIASAATYRKQEARILVVACELCSIHLRAELHASSQSGMTGVAPALFSDGAAALVVCNPLGM
 SDKTPKQFAIVDQRTGVTPGTLDEMSYTVSTHGFLASISKNIPKLAVASIQAPFQSLIQSNGMSSASPTDFHWALHPGGK
 AVIQGAQDALNLPDDALAASKEIYRTKGNTSSVAVLAVLEKVRGLKLQSPNVVACSFGPGLTTEMTLLRRMV","phenylacetyl-coa","1"
"310","FiPKS","Fungi","MAAPSAFGELGLSIIGLSAEYPPHSLDYTCLNTLGDKFYPDTPAMKKVLGINRYTGIDTR
 SSIGTPDHPAVNKKEAPSIAELHSIFQSDGVPLAIRAARKAIDEAKIDTRFITHIVATTC
 TDSANPGFDHFVAKGLGITHGVEKVLLHGVGCSGGLATLRTGANLALGHKARGLPARVLC
 VALEVSTTMVRSELDSINELQETRIGACLFSDCGSAVVLSNGIGEPSEPVYDLLGWDHRT
 IPDTEDDLGFDVDPVGWKVILTPRVPKLTAASIGPAFTDLKASLPQLPPDYQKAADFDWA
 MHPGGATILSGAEKVMDITPEHQRASYDTYINHGNSSSATIFSVMDRLRSKEMMAPDG
 RVRDYVVGCAFGPGITVEMCMLKRNMTPRTDITGLQTPPETPAETETEPSEAGDGGEWGT
 ENSGSPAERNSVSESQDQYTKFIAESLESLDLD","phenylacetyl-coa","0"
"317","Sg-RppA","bacterial","MATLCRPAIAVPEHVITMQQTLDLARETHAGHPQRDLVLRLIQNTGVQTRHLVQPIEKTL
 AHPGFEVRNQVYEAEAKTRVPEVVRRALAETEPSEIDLIVYVSCTGFMMPSLTAWIIN
 SMGFRPETRQLPIAQLGCAAGGAAINRAHDFCVAYPDSNVLIVSCEFCSLCYQPTDIGVG
 SLLSNGLFGDALSAAVVRGQGGTGMRLERNGSHLVPDTEDWISYAVRDTGFHFQLDKRVP
 GTMEMLAPVLLDLVDLHGWSVPNMDFFIVHAGGPRILDDLCHFLDLPPEMFRYSRATLTE
 RGNIASSVVFDALARLFDDGGAAESAQGLIAGFGPGITAEVAVGSWAKEGLGADVGRDLD
 ELELTAGVALSG","phenylacetyl-coa","0"
"322","PhlD","bacterial","MSTLCLPHVMFPQHKITQQQMVDHLENLHADHPRMALAKRMIANTEVNERHLVLPIDELA
 VHTGFTHRSIVYEREARQMSSAAARQAIEGLQISDIRMVIVTSCTGFMMPSLTAHLIN
 DLALPTSTVQLPIAQLGCVAGAAAINRANDFARLDARNHVLIVSLEFSSLCYQPDDTKLH
 AFISAALFGDAVSACVLRADDQAGGFKIKKTESYFLPKSEHYIKYDVKDTGFHFTLDKAV
 MNSIKDVAPVMERLNYESFEQNCAHNDFFIFHTGGRKILDELVMHLDLASNRVSQSRSSL
 SEAGNIASVVVFDVLKRQFDSNLNRGDIGLLAAFGPGFTAEMAVGEWTA","phenylacetyl-coa","1"
"327","AnPKS","Fungi","MGNTFSASPSDGQPPKQQVPLKGDEAVITGMGTEWPSRLVVPEELSDYAKKIYPDNPPWLKAMLKINTQTGIETRPVVDL
 WDDPRWLGTSPPTTEDVDTEFRKFSVELSKALKALRESNIEPSSITHIVSVTVTNGGAPGFDQLVARELGLSPTAERI
 LLSGIGCGGGCAALRVASTIASAATYRKQEARILVVACELCSIHLRAELHASSQSGMTGVAPALFSDGAAALVVCNPLGM
 SDKTPKQFAIVDQRTGVTPGTLDEMSYTVSTHGFLASISKNIPKLAVASIQAPFQSLIQSNGMSSASPTDFHWALHPGGK
 AVIQGAQDALNLPDDALAASKEIYRTKGNTSSVAVLAVLEKVRGLKLQSPNVVACSFGPGLTTEMTLLRRMV","methylcrotonyl-coa","1"
"352","AnPKS","Fungi","MGNTFSASPSDGQPPKQQVPLKGDEAVITGMGTEWPSRLVVPEELSDYAKKIYPDNPPWLKAMLKINTQTGIETRPVVDL
 WDDPRWLGTSPPTTEDVDTEFRKFSVELSKALKALRESNIEPSSITHIVSVTVTNGGAPGFDQLVARELGLSPTAERI
 LLSGIGCGGGCAALRVASTIASAATYRKQEARILVVACELCSIHLRAELHASSQSGMTGVAPALFSDGAAALVVCNPLGM
 SDKTPKQFAIVDQRTGVTPGTLDEMSYTVSTHGFLASISKNIPKLAVASIQAPFQSLIQSNGMSSASPTDFHWALHPGGK
 AVIQGAQDALNLPDDALAASKEIYRTKGNTSSVAVLAVLEKVRGLKLQSPNVVACSFGPGLTTEMTLLRRMV","isobutyryl-coa","1"
"364","BNS-Palmatum","Plant","MATEEMKKLATVMAIGTANPPNCYYQADFPDFYFRVTNSDHLINLKQKFKRLCENSRIEK
 RYLHVTEEILKENPNIAAYEATSLNVRHKMQVKGVAELGKEAALKAIKEWGQPKSKITHL
 IVCCLAGVDMPGADYQLTKLLDLDPSVKRFMFYHLGCYAGGTVLRLAKDIAENNKGARVL
 IVCSEMTTTCFRGPSETHLDSMIGQAILGDGAAAVIVGADPDLTVERPIFELVSTAQTIV
 PESHGAIEGHLLESGLSFHLYKTVPTLISNNIKTCLSDAFTPLNISDWNSLFWIAHPGGP
 AILDQVTAKVGLEKEKLKVTRQVLKDYGNMSSATVFFIMDEMRKKSLENGQATTGEGLEW
 GVLFGFGPGITVETVVLRSVPVIS","isobutyryl-coa","0"
"367","Sg-RppA","bacterial","MATLCRPAIAVPEHVITMQQTLDLARETHAGHPQRDLVLRLIQNTGVQTRHLVQPIEKTL
 AHPGFEVRNQVYEAEAKTRVPEVVRRALAETEPSEIDLIVYVSCTGFMMPSLTAWIIN
 SMGFRPETRQLPIAQLGCAAGGAAINRAHDFCVAYPDSNVLIVSCEFCSLCYQPTDIGVG
 SLLSNGLFGDALSAAVVRGQGGTGMRLERNGSHLVPDTEDWISYAVRDTGFHFQLDKRVP
 GTMEMLAPVLLDLVDLHGWSVPNMDFFIVHAGGPRILDDLCHFLDLPPEMFRYSRATLTE
 RGNIASSVVFDALARLFDDGGAAESAQGLIAGFGPGITAEVAVGSWAKEGLGADVGRDLD
 ELELTAGVALSG","isobutyryl-coa","1"
"372","PhlD","bacterial","MSTLCLPHVMFPQHKITQQQMVDHLENLHADHPRMALAKRMIANTEVNERHLVLPIDELA
 VHTGFTHRSIVYEREARQMSSAAARQAIEGLQISDIRMVIVTSCTGFMMPSLTAHLIN
 DLALPTSTVQLPIAQLGCVAGAAAINRANDFARLDARNHVLIVSLEFSSLCYQPDDTKLH
 AFISAALFGDAVSACVLRADDQAGGFKIKKTESYFLPKSEHYIKYDVKDTGFHFTLDKAV
 MNSIKDVAPVMERLNYESFEQNCAHNDFFIFHTGGRKILDELVMHLDLASNRVSQSRSSL
 SEAGNIASVVVFDVLKRQFDSNLNRGDIGLLAAFGPGFTAEMAVGEWTA","isobutyryl-coa","0"
"373","gcs","bacterial","MAAYLCAPAVIHGEHSVETREIVEEVRGRHPHAPWAPRIDGIAASTGIESRGWMLPLEAA VAPGGGGDLGAAREALVRDGFTEQDANRAIAALKAVPASQTVQERTAPAWEAVQAYGERA ARGALQIAGLDVADVDCLITSNSTTPALPGLDVALANRLPLRGDTMLLPATQWACVAGTR SLALAADLVAADPDRVVLVVISEALSTTYQPADDTLESLIVRLLFADTAVAAVVTGRPRP ESVLRLDAAWHHTLPGTRDLHRLETRADGTHFVMDRRGPRAVQETVTAMWEWLRVRYEDD PSSWHPDVLLAHPGGTRVLEYMEQTMPDEWPSGLLSYSRDSYTSGNRGGAAVFDILRRAH DAGQKTGSRAVLYAAAPGLTATALEGEWL","isobutyryl-coa","0"
"377","AnPKS","Fungi","MGNTFSASPSDGQPPKQQVPLKGDEAVITGMGTEWPSRLVVPEELSDYAKKIYPDNPPWLKAMLKINTQTGIETRPVVDL
 WDDPRWLGTSPPTTEDVDTEFRKFSVELSKALKALRESNIEPSSITHIVSVTVTNGGAPGFDQLVARELGLSPTAERI
 LLSGIGCGGGCAALRVASTIASAATYRKQEARILVVACELCSIHLRAELHASSQSGMTGVAPALFSDGAAALVVCNPLGM
 SDKTPKQFAIVDQRTGVTPGTLDEMSYTVSTHGFLASISKNIPKLAVASIQAPFQSLIQSNGMSSASPTDFHWALHPGGK
 AVIQGAQDALNLPDDALAASKEIYRTKGNTSSVAVLAVLEKVRGLKLQSPNVVACSFGPGLTTEMTLLRRMV","crotonoyl-coa","0"
"392","Sg-RppA","bacterial","MATLCRPAIAVPEHVITMQQTLDLARETHAGHPQRDLVLRLIQNTGVQTRHLVQPIEKTL
 AHPGFEVRNQVYEAEAKTRVPEVVRRALAETEPSEIDLIVYVSCTGFMMPSLTAWIIN
 SMGFRPETRQLPIAQLGCAAGGAAINRAHDFCVAYPDSNVLIVSCEFCSLCYQPTDIGVG
 SLLSNGLFGDALSAAVVRGQGGTGMRLERNGSHLVPDTEDWISYAVRDTGFHFQLDKRVP
 GTMEMLAPVLLDLVDLHGWSVPNMDFFIVHAGGPRILDDLCHFLDLPPEMFRYSRATLTE
 RGNIASSVVFDALARLFDDGGAAESAQGLIAGFGPGITAEVAVGSWAKEGLGADVGRDLD
 ELELTAGVALSG","crotonoyl-coa","0"
"397","PhlD","bacterial","MSTLCLPHVMFPQHKITQQQMVDHLENLHADHPRMALAKRMIANTEVNERHLVLPIDELA
 VHTGFTHRSIVYEREARQMSSAAARQAIEGLQISDIRMVIVTSCTGFMMPSLTAHLIN
 DLALPTSTVQLPIAQLGCVAGAAAINRANDFARLDARNHVLIVSLEFSSLCYQPDDTKLH
 AFISAALFGDAVSACVLRADDQAGGFKIKKTESYFLPKSEHYIKYDVKDTGFHFTLDKAV
 MNSIKDVAPVMERLNYESFEQNCAHNDFFIFHTGGRKILDELVMHLDLASNRVSQSRSSL
 SEAGNIASVVVFDVLKRQFDSNLNRGDIGLLAAFGPGFTAEMAVGEWTA","crotonoyl-coa","0"
"417","Sg-RppA","bacterial","MATLCRPAIAVPEHVITMQQTLDLARETHAGHPQRDLVLRLIQNTGVQTRHLVQPIEKTL
 AHPGFEVRNQVYEAEAKTRVPEVVRRALAETEPSEIDLIVYVSCTGFMMPSLTAWIIN
 SMGFRPETRQLPIAQLGCAAGGAAINRAHDFCVAYPDSNVLIVSCEFCSLCYQPTDIGVG
 SLLSNGLFGDALSAAVVRGQGGTGMRLERNGSHLVPDTEDWISYAVRDTGFHFQLDKRVP
 GTMEMLAPVLLDLVDLHGWSVPNMDFFIVHAGGPRILDDLCHFLDLPPEMFRYSRATLTE
 RGNIASSVVFDALARLFDDGGAAESAQGLIAGFGPGITAEVAVGSWAKEGLGADVGRDLD
 ELELTAGVALSG","malonyl-coa","1"
"423","gcs","bacterial","MAAYLCAPAVIHGEHSVETREIVEEVRGRHPHAPWAPRIDGIAASTGIESRGWMLPLEAA VAPGGGGDLGAAREALVRDGFTEQDANRAIAALKAVPASQTVQERTAPAWEAVQAYGERA ARGALQIAGLDVADVDCLITSNSTTPALPGLDVALANRLPLRGDTMLLPATQWACVAGTR SLALAADLVAADPDRVVLVVISEALSTTYQPADDTLESLIVRLLFADTAVAAVVTGRPRP ESVLRLDAAWHHTLPGTRDLHRLETRADGTHFVMDRRGPRAVQETVTAMWEWLRVRYEDD PSSWHPDVLLAHPGGTRVLEYMEQTMPDEWPSGLLSYSRDSYTSGNRGGAAVFDILRRAH DAGQKTGSRAVLYAAAPGLTATALEGEWL","malonyl-coa","0"
"424","Se-RppA","bacterial","MAVLCTPAVAVPEHVITVEETLDLARRVHADHPQLPLVLRLISNTGVRERHLIRPIEDTL
 EHPGFEVRNRIYEEQAKQRVPAVVREALDSAELGPEDIDLIVYVSCTGFMMPSLTAWLIN
 SMGFRMSTRQLPIAQLGCAAGGAAINRAHDFCTAYPDALIVSCEFCSLCYQPTDDDIG
 SLLSNGLFGDAVAAAVVRGHGGTGVRLERSSMIPETEDWISYAVKATGFHFQLDKRVP
 KTMEPLAPALRALAEDHRWDVAGLDFYVIHAGGPRILDDLTKFLGVPSEAFRHSRATLAQ
 YGNIASAVVLDALRRIIEEGRLESGARGMIAGFGPGITAEMSVGTWVPHDVLLHGEHSTT
 SAPGGNR","malonyl-coa","1"
"425","Sc-RppA","bacterial","MATLCRPSVSVPEHVITMEETLELARRRHTDHPQLPLALRLIENTGVRTRHIVQPIEDTL
 EHPGFEDRNKVYEREAKSRVPAVIQRALDDAELLATDIDVIIYVSCTGFMMPSLTAWLIN
 EMGFDSTTRQIPIAQLGCAAGGAAINRAHDFCTAYPEALIVACEFCSLCYQPTDLGVG
 SLLCNGLFGDGIAAAVVRGRGGTGVRLERNGSYLIPKTEDWIMYDVKATGFHFLLDKRVP
 ATMEPLAPALKELAGEHGWDASDLDFYIVHAGGPRILDDLSTFLEVDPHAFRFSRATLTE
 YGNIASAVVLDALRRLFDEGGVEEGARGLLAGFGPGITAEMSLGCWQTADVRRGIRQDVT
 RTAARGVSRRVRQA","malonyl-coa","1"
"428","An-CsyA","Fungi","MAPLIHGTSPPEIRNHSDDSLSKRAVSVVGTGAHYPPHELRSDELEKLISAFHDPNDPAVRKTLYVNEKSRIQTRRAAVP
 FDDPFWSDPKLPDIAECDVLFRKYGVPVAEEAARKALADWNGSFNDLTHVVVVTCTNTANPGLDYMICERLGLRKNVQRT
 LLHGVGCAGGAAALRTANELLLGAAFQGKPGRALVVACEICMIFFRSMLEDIVKAQEANVAMTLFGDGAGAMVLSNGICP
 KTSERAPLWNILNCRTTLLEDSASSIQFNIRPHGYDPVITKEVPGQTSAALPSGFQDLISSTPSLYSDKSNFDPSSYDWA
 LHPGGYSIAVLAQLGITEHHLRKTYEVYRSRGNTSSSTVISVINELAREQGTSESGRDKVIVAAFGPGITMELAVMAR
 PA","acetoacetyl-coa","1"
"429","BPKS","Fungi","MSNSTEGQQQQSASQHGFGSLNLSIVGLGVEYPPFLLEPADLDTLTKRHYPDSPAMKKVCTINNFTGIETRSAIGTVD
 HPMANMDRAPTIAELCSIFLKDGVALAVTACRKALHEAHLHPSDITHVVSTTCTNSANPGYDHFVCKALGITQPVEKVLL
 HGIGCSGGLASLRTAANLALGHSFRGKKARVLVMALEISSLLVRSELDSVHELQETRIGVTLFSDCASACVLSNGIGGTG
 EEESVYDLLGWEHKMIPDTEHDLGFDVDPLGWKVILSPRVPKLAAEAVSPIYHSLISNLPSLPSEYHNPADFDWALHPGG
 ATILTGVEKAMSISAEHMRASYDTYMKHGNSSSATIFSVLDRLRSKEMDGLTPNNRGPKEMIVGCAFGPGIAVEMCMLKR
 NLDHVKREWDGGVQSGVGGDITPPLTESEGTGSGNGSEGEVEAEDLKKVKEEGEKLDQKLKMVEPGVLEQKLGEGGKV
 NENEKLDSLEEALDGVELD","acetoacetyl-coa","1"
"433","CsyB","Fungi","MIEPLPTEDIPKQSVSIVGIASRCAPHKLGADELEAIARRHYSSTPSLEKMLEINRKTRIDHRYSVFSSDHEHWHRPTIP
 SFSECDSLFKEYGIPLASAASARAIQDWGGVPDEITHLVAVTCTNTAHPGFDSVLCRKLGLKCNVRRVLLHGIGCGGGIS
 AMRVAHELLLGSTQQGVPARALIVACEVPTVFARSELDIMDKTQDVNVAMCLFGDCAAALVLSNGIGHKASEQRPIWNIL
 NCEPTQFDGTEDIAHFNVHDKGYHAIIDKRIPQLTGKCVPAGFQSLISSTPSLALEEKNYVPSNYGWAVHPGGYAVLVAA
 QDALGLTADDLRASYDAYRDGGNTISTTIIRILEKLRDEHKHGSNQKDKLVLAAIGHGITLETAILTRPGSSSYLHA","acetoacetyl-coa","1"
"435","FiPKS","Fungi","MAAPSAFGELGLSIIGLSAEYPPHSLDYTCLNTLGDKFYPDTPAMKKVLGINRYTGIDTR
 SSIGTPDHPAVNKKEAPSIAELHSIFQSDGVPLAIRAARKAIDEAKIDTRFITHIVATTC
 TDSANPGFDHFVAKGLGITHGVEKVLLHGVGCSGGLATLRTGANLALGHKARGLPARVLC
 VALEVSTTMVRSELDSINELQETRIGACLFSDCGSAVVLSNGIGEPSEPVYDLLGWDHRT
 IPDTEDDLGFDVDPVGWKVILTPRVPKLTAASIGPAFTDLKASLPQLPPDYQKAADFDWA
 MHPGGATILSGAEKVMDITPEHQRASYDTYINHGNSSSATIFSVMDRLRSKEMMAPDG
 RVRDYVVGCAFGPGITVEMCMLKRNMTPRTDITGLQTPPETPAETETEPSEAGDGGEWGT
 ENSGSPAERNSVSESQDQYTKFIAESLESLDLD","acetoacetyl-coa","0"
"442","Sg-RppA","bacterial","MATLCRPAIAVPEHVITMQQTLDLARETHAGHPQRDLVLRLIQNTGVQTRHLVQPIEKTL
 AHPGFEVRNQVYEAEAKTRVPEVVRRALAETEPSEIDLIVYVSCTGFMMPSLTAWIIN
 SMGFRPETRQLPIAQLGCAAGGAAINRAHDFCVAYPDSNVLIVSCEFCSLCYQPTDIGVG
 SLLSNGLFGDALSAAVVRGQGGTGMRLERNGSHLVPDTEDWISYAVRDTGFHFQLDKRVP
 GTMEMLAPVLLDLVDLHGWSVPNMDFFIVHAGGPRILDDLCHFLDLPPEMFRYSRATLTE
 RGNIASSVVFDALARLFDDGGAAESAQGLIAGFGPGITAEVAVGSWAKEGLGADVGRDLD
 ELELTAGVALSG","acetoacetyl-coa","1"
"447","PhlD","bacterial","MSTLCLPHVMFPQHKITQQQMVDHLENLHADHPRMALAKRMIANTEVNERHLVLPIDELA
 VHTGFTHRSIVYEREARQMSSAAARQAIEGLQISDIRMVIVTSCTGFMMPSLTAHLIN
 DLALPTSTVQLPIAQLGCVAGAAAINRANDFARLDARNHVLIVSLEFSSLCYQPDDTKLH
 AFISAALFGDAVSACVLRADDQAGGFKIKKTESYFLPKSEHYIKYDVKDTGFHFTLDKAV
 MNSIKDVAPVMERLNYESFEQNCAHNDFFIFHTGGRKILDELVMHLDLASNRVSQSRSSL
 SEAGNIASVVVFDVLKRQFDSNLNRGDIGLLAAFGPGFTAEMAVGEWTA","acetoacetyl-coa","1"
"448","gcs","bacterial","MAAYLCAPAVIHGEHSVETREIVEEVRGRHPHAPWAPRIDGIAASTGIESRGWMLPLEAA VAPGGGGDLGAAREALVRDGFTEQDANRAIAALKAVPASQTVQERTAPAWEAVQAYGERA ARGALQIAGLDVADVDCLITSNSTTPALPGLDVALANRLPLRGDTMLLPATQWACVAGTR SLALAADLVAADPDRVVLVVISEALSTTYQPADDTLESLIVRLLFADTAVAAVVTGRPRP ESVLRLDAAWHHTLPGTRDLHRLETRADGTHFVMDRRGPRAVQETVTAMWEWLRVRYEDD PSSWHPDVLLAHPGGTRVLEYMEQTMPDEWPSGLLSYSRDSYTSGNRGGAAVFDILRRAH DAGQKTGSRAVLYAAAPGLTATALEGEWL","acetoacetyl-coa","1"
"450","Sc-RppA","bacterial","MATLCRPSVSVPEHVITMEETLELARRRHTDHPQLPLALRLIENTGVRTRHIVQPIEDTL
 EHPGFEDRNKVYEREAKSRVPAVIQRALDDAELLATDIDVIIYVSCTGFMMPSLTAWLIN
 EMGFDSTTRQIPIAQLGCAAGGAAINRAHDFCTAYPEALIVACEFCSLCYQPTDLGVG
 SLLCNGLFGDGIAAAVVRGRGGTGVRLERNGSYLIPKTEDWIMYDVKATGFHFLLDKRVP
 ATMEPLAPALKELAGEHGWDASDLDFYIVHAGGPRILDDLSTFLEVDPHAFRFSRATLTE
 YGNIASAVVLDALRRLFDEGGVEEGARGLLAGFGPGITAEMSLGCWQTADVRRGIRQDVT
 RTAARGVSRRVRQA","acetoacetyl-coa","1"
"454","BPKS","Fungi","MSNSTEGQQQQSASQHGFGSLNLSIVGLGVEYPPFLLEPADLDTLTKRHYPDSPAMKKVCTINNFTGIETRSAIGTVD
 HPMANMDRAPTIAELCSIFLKDGVALAVTACRKALHEAHLHPSDITHVVSTTCTNSANPGYDHFVCKALGITQPVEKVLL
 HGIGCSGGLASLRTAANLALGHSFRGKKARVLVMALEISSLLVRSELDSVHELQETRIGVTLFSDCASACVLSNGIGGTG
 EEESVYDLLGWEHKMIPDTEHDLGFDVDPLGWKVILSPRVPKLAAEAVSPIYHSLISNLPSLPSEYHNPADFDWALHPGG
 ATILTGVEKAMSISAEHMRASYDTYMKHGNSSSATIFSVLDRLRSKEMDGLTPNNRGPKEMIVGCAFGPGIAVEMCMLKR
 NLDHVKREWDGGVQSGVGGDITPPLTESEGTGSGNGSEGEVEAEDLKKVKEEGEKLDQKLKMVEPGVLEQKLGEGGKV
 NENEKLDSLEEALDGVELD","heptanoyl-SNAC","1"
"455","Sl-PKS2","Fungi","MSPAKLATAAQASFPDTDLHIMGIAAEYPEHICSTQDFKEFCLRNYPRTPALEKLLMVHENTGIETRRTACHFTDPFLNG
 TSPTIDQLSDFYLKYGVELAVGASRKAIEEWGGDVSEITHVVATTCTNSANPGYDYFVARELGLGDRVERTLLHGVGCAG
 GLTALRTAANIALGASFMQRPARILVIACELSSLLVRSELDSMQETGELRIGVSIFSDGASAVLLSNGIGESPDAKPVYD
 LLGWDHLTVPETHAEIGFDVHPAGWKVILTPKVPAITATGAPPVFASLVPRIPALLTDGVAPGAADFDWALHPGGAKVLT
 SVQKVLGLTTQHLRASYETYRTKGNSSSATIFSVMNRLRQPDMGEGRKNVVACAFGPGVAIEMAILKRVKDVAPHADVAA
 SSGSSDSG","heptanoyl-SNAC","1"
"479","BPKS","Fungi","MSNSTEGQQQQSASQHGFGSLNLSIVGLGVEYPPFLLEPADLDTLTKRHYPDSPAMKKVCTINNFTGIETRSAIGTVD
 HPMANMDRAPTIAELCSIFLKDGVALAVTACRKALHEAHLHPSDITHVVSTTCTNSANPGYDHFVCKALGITQPVEKVLL
 HGIGCSGGLASLRTAANLALGHSFRGKKARVLVMALEISSLLVRSELDSVHELQETRIGVTLFSDCASACVLSNGIGGTG
 EEESVYDLLGWEHKMIPDTEHDLGFDVDPLGWKVILSPRVPKLAAEAVSPIYHSLISNLPSLPSEYHNPADFDWALHPGG
 ATILTGVEKAMSISAEHMRASYDTYMKHGNSSSATIFSVLDRLRSKEMDGLTPNNRGPKEMIVGCAFGPGIAVEMCMLKR
 NLDHVKREWDGGVQSGVGGDITPPLTESEGTGSGNGSEGEVEAEDLKKVKEEGEKLDQKLKMVEPGVLEQKLGEGGKV
 NENEKLDSLEEALDGVELD","nonanoyl-SNAC","1"
"480","Sl-PKS2","Fungi","MSPAKLATAAQASFPDTDLHIMGIAAEYPEHICSTQDFKEFCLRNYPRTPALEKLLMVHENTGIETRRTACHFTDPFLNG
 TSPTIDQLSDFYLKYGVELAVGASRKAIEEWGGDVSEITHVVATTCTNSANPGYDYFVARELGLGDRVERTLLHGVGCAG
 GLTALRTAANIALGASFMQRPARILVIACELSSLLVRSELDSMQETGELRIGVSIFSDGASAVLLSNGIGESPDAKPVYD
 LLGWDHLTVPETHAEIGFDVHPAGWKVILTPKVPAITATGAPPVFASLVPRIPALLTDGVAPGAADFDWALHPGGAKVLT
 SVQKVLGLTTQHLRASYETYRTKGNSSSATIFSVMNRLRQPDMGEGRKNVVACAFGPGVAIEMAILKRVKDVAPHADVAA
 SSGSSDSG","nonanoyl-SNAC","1"
"506","SmPKS","Fungi","MAASTAPGELGLSITGLGVQYPPYSLGPDCLDILSKRYYPESPAMKKVLAINRYTGIDQRSSIGNPDHPLVNQPNSPTVD
 ELHKVFMSDGVPLAVEASRKAMAEARVEPNQITHMVSTTCTDSANPGYDHFVAKELGLSDRLEKVLLHGIGCSGGLAALR
 TAANLCLGHKARGKPARILVLALEVSTIMVRSELESILQETRIGIALFSDCASAVVLSNGIGEEPGKPAIYDLLGWEN
 RVIPDSEHDLGFDVDPMGWKVVLSPRVPVLAKASLQPTYTDLLSSFQDQLPSSYQKPADFDWAMHPGGATILSGAESAMG
 LTPEHMRASYDTYINHGNSSSATIFSVLNRLREKDMDALAPDGKVKEYIVGCAFGPGINVEMCMLKRRMNCPTTTTTGLD
 TPPETDDSEGPGPGSSAGSEDGESIEGDKEDKKEKFISEALDNVELD","isovaleryl-coa","0"
"507","CtPKS","Fungi","MVADALVYHPAVSHYLKFVGTTVGRDKILRTLQYFARFYAWYLLRTNKPKTAIQPWEAMKKQFGLVRKVLRAGKNVEHFK
 AAAVAYDAKTGRLAEDPVLRYATIGRQLGYAGYLTLDLATLLDATGIRKSKHAKALQQEAYRFWLVGLACSVVAQLYTLW
 QLRRREAKVDRKEGEGVVEAKTIAKERVVSQLQLTSDLCDLTVPLAGLGWVPIDDGFVGLAGTLSSLIGVYNQWKKTALL
 EGCVLTSPQKENILLDQATIRPSGAPAESRRPSAALMASSKGLEGLGLSIVGLARQYPPYSLKPDALEVLSKRFYSQTAV
 MSKVLSINRYTGIEQRSSIGTPDHPLVNQPNPPTITQLHEVFMSDGVPLAVAAARKALQEAHVAPSQVTHMVSTTCTDSA
 NPGYDHFVAQELGLSYNVEKVLLHGVGCSGGLAALRTAANLCLGHSCRGLPARILVVALEITTTLVRSELESILNQTR
 IGVTLFSDCAGVLVLSNNFTSPSHPPPSPPIYSLLTWYHTTIPSTESDLGFDIDPTGWKVVLSPAVPRLTQSALLPAFHS
 LLPDHLLSTLPENYRSPADFDWAMHPGGSTILTGAEQVLGITSLHMRASYDTYIRHGNSSSATMMSVLDRLREKDMDELA
 PPCGSDSSGTGRGGFNDGKDKGASKGKPREYIIGCAFGPGISVEMCLLKRHFAGPRRVNSTPGMETPPETESELSLEGSD
 SDSKSDRDDEMTGKHGSPDSAKPPQKNNEGFISEALESPEVD","isovaleryl-coa","1"
"511","QNS-Marmelos","Plant","MVTMEEIRKAQRAEGLATILAISTATPPNCVIQADYPDYYFKITNSEHMTELKEKFRRLC
 EKSMIRKRHMCLTEEILKANPNMCLHMGTSLRQDISLVEVPKLGKEAATKAIKEWGQP
 KSKITHLIFCTSAGVDMPGADYQLTRLLGLSPEVKRMMIYQQGCYAGATVLRLAKDLTEN
 NKGSRVLIVCSENTVPTFRGPSDTHIDSLVGQALFADGAAALIVGADPDASIERPLYHIV
 SASQTLLPDSDGAIEGHIREAGLTVHLKKDVPAFFSANIEKSLVDAFTPIGISDWNSIFW
 IAHPGGPAILDQVEEKLGLRKDKLKASRHVMSEFGNMSSACVLFILDEMRKTCLEEGKAT
 TGEGLDWGVLFGFGPGLTVETVVLRSVPIEA","isovaleryl-coa","1"
"514","BNS-Palmatum","Plant","MATEEMKKLATVMAIGTANPPNCYYQADFPDFYFRVTNSDHLINLKQKFKRLCENSRIEK
 RYLHVTEEILKENPNIAAYEATSLNVRHKMQVKGVAELGKEAALKAIKEWGQPKSKITHL
 IVCCLAGVDMPGADYQLTKLLDLDPSVKRFMFYHLGCYAGGTVLRLAKDIAENNKGARVL
 IVCSEMTTTCFRGPSETHLDSMIGQAILGDGAAAVIVGADPDLTVERPIFELVSTAQTIV
 PESHGAIEGHLLESGLSFHLYKTVPTLISNNIKTCLSDAFTPLNISDWNSLFWIAHPGGP
 AILDQVTAKVGLEKEKLKVTRQVLKDYGNMSSATVFFIMDEMRKKSLENGQATTGEGLEW
 GVLFGFGPGITVETVVLRSVPVIS","isovaleryl-coa","0"
"517","Sg-RppA","bacterial","MATLCRPAIAVPEHVITMQQTLDLARETHAGHPQRDLVLRLIQNTGVQTRHLVQPIEKTL
 AHPGFEVRNQVYEAEAKTRVPEVVRRALAETEPSEIDLIVYVSCTGFMMPSLTAWIIN
 SMGFRPETRQLPIAQLGCAAGGAAINRAHDFCVAYPDSNVLIVSCEFCSLCYQPTDIGVG
 SLLSNGLFGDALSAAVVRGQGGTGMRLERNGSHLVPDTEDWISYAVRDTGFHFQLDKRVP
 GTMEMLAPVLLDLVDLHGWSVPNMDFFIVHAGGPRILDDLCHFLDLPPEMFRYSRATLTE
 RGNIASSVVFDALARLFDDGGAAESAQGLIAGFGPGITAEVAVGSWAKEGLGADVGRDLD
 ELELTAGVALSG","isovaleryl-coa","1"
"536","QNS-Marmelos","Plant","MVTMEEIRKAQRAEGLATILAISTATPPNCVIQADYPDYYFKITNSEHMTELKEKFRRLC
 EKSMIRKRHMCLTEEILKANPNMCLHMGTSLRQDISLVEVPKLGKEAATKAIKEWGQP
 KSKITHLIFCTSAGVDMPGADYQLTRLLGLSPEVKRMMIYQQGCYAGATVLRLAKDLTEN
 NKGSRVLIVCSENTVPTFRGPSDTHIDSLVGQALFADGAAALIVGADPDASIERPLYHIV
 SASQTLLPDSDGAIEGHIREAGLTVHLKKDVPAFFSANIEKSLVDAFTPIGISDWNSIFW
 IAHPGGPAILDQVEEKLGLRKDKLKASRHVMSEFGNMSSACVLFILDEMRKTCLEEGKAT
 TGEGLDWGVLFGFGPGLTVETVVLRSVPIEA","cinnamoyl-coa","1"
"561","QNS-Marmelos","Plant","MVTMEEIRKAQRAEGLATILAISTATPPNCVIQADYPDYYFKITNSEHMTELKEKFRRLC
 EKSMIRKRHMCLTEEILKANPNMCLHMGTSLRQDISLVEVPKLGKEAATKAIKEWGQP
 KSKITHLIFCTSAGVDMPGADYQLTRLLGLSPEVKRMMIYQQGCYAGATVLRLAKDLTEN
 NKGSRVLIVCSENTVPTFRGPSDTHIDSLVGQALFADGAAALIVGADPDASIERPLYHIV
 SASQTLLPDSDGAIEGHIREAGLTVHLKKDVPAFFSANIEKSLVDAFTPIGISDWNSIFW
 IAHPGGPAILDQVEEKLGLRKDKLKASRHVMSEFGNMSSACVLFILDEMRKTCLEEGKAT
 TGEGLDWGVLFGFGPGLTVETVVLRSVPIEA","feruloyl-coa","1"
"586","QNS-Marmelos","Plant","MVTMEEIRKAQRAEGLATILAISTATPPNCVIQADYPDYYFKITNSEHMTELKEKFRRLC
 EKSMIRKRHMCLTEEILKANPNMCLHMGTSLRQDISLVEVPKLGKEAATKAIKEWGQP
 KSKITHLIFCTSAGVDMPGADYQLTRLLGLSPEVKRMMIYQQGCYAGATVLRLAKDLTEN
 NKGSRVLIVCSENTVPTFRGPSDTHIDSLVGQALFADGAAALIVGADPDASIERPLYHIV
 SASQTLLPDSDGAIEGHIREAGLTVHLKKDVPAFFSANIEKSLVDAFTPIGISDWNSIFW
 IAHPGGPAILDQVEEKLGLRKDKLKASRHVMSEFGNMSSACVLFILDEMRKTCLEEGKAT
 TGEGLDWGVLFGFGPGLTVETVVLRSVPIEA","N-CH3-anthraniloyl-coa","1"
"587","QNS-Microcarpa","Plant","MESMAKVKNFLKRSKGPASILAIGTANPPTCFNQSDYPDFYFRVTDCEHKTELKDKFKRICDRSAVKKRYLHVTEEVLKENPSMRSYPSLDARQALLIEQVPKLGKEAAAKAIKEWGQPLSKFTHLVFSAMAGVDIPGADLRLMNLLGLEPSVKRLMIYSQGCFIGGAAIRCAKDVAENGARVLVVFSDIVNMYFHEPQEAHLDILVGQAVFGDGAAAVIVGADPEVSIERPLFHVVSSTQMSVPDTNKFIRAHVKEMGMELYLSKDVPATVGKNIEKLLVDAVSPFGISDWNSLFYSVHPGGRAILDQVELNLGLGKEKLRASRHVLSEYGNMGGSSVYFILDEIRKKSMQEAKPTTGDGLEWGVLFAIGPGLTVETVILLSVPIDSAC","N-CH3-anthraniloyl-coa","1"
"588","ANS-Microcarpa","Plant","MVTMEEIRRAKRAEGLATILAISTATPPNCVIQADYPDYYFGITNSEHMTELKEKFKLLCEKSMIRKRHMCLTEEILKANPNMCLYMGTSLDARQDISLVEVPKLGKEAATKAIKEWGQPKSNITHLIFCTSAGVDMPGADYQLTRLIGLNPDVKRMMIYQQGCYAGATILRLAKDLAENNKGSRVLVVCSENTIPTFRGPSYTHIDSLVGQALFADGAAALIVGADPDTSIERPLYHIVSASQTLLPDSDGAIEGHIREAGLTVHLKKDVPEFFSANIEKSLVDAFTPIGISDWNSIFWIAHPGGPAILDQVEAKLGLKKDKLRASRHVMSEYGNMSSACVLFILDEMRNKCLEEGKATTGEGLDWGVLFGFGPGLTVETVVLHSLPIEA","N-CH3-anthraniloyl-coa","1"
"589","BNS-Palmatum","Plant","MATEEMKKLATVMAIGTANPPNCYYQADFPDFYFRVTNSDHLINLKQKFKRLCENSRIEK
 RYLHVTEEILKENPNIAAYEATSLNVRHKMQVKGVAELGKEAALKAIKEWGQPKSKITHL
 IVCCLAGVDMPGADYQLTKLLDLDPSVKRFMFYHLGCYAGGTVLRLAKDIAENNKGARVL
 IVCSEMTTTCFRGPSETHLDSMIGQAILGDGAAAVIVGADPDLTVERPIFELVSTAQTIV
 PESHGAIEGHLLESGLSFHLYKTVPTLISNNIKTCLSDAFTPLNISDWNSLFWIAHPGGP
 AILDQVTAKVGLEKEKLKVTRQVLKDYGNMSSATVFFIMDEMRKKSLENGQATTGEGLEW
 GVLFGFGPGITVETVVLRSVPVIS","N-CH3-anthraniloyl-coa","1"
"614","BNS-Palmatum","Plant","MATEEMKKLATVMAIGTANPPNCYYQADFPDFYFRVTNSDHLINLKQKFKRLCENSRIEK
 RYLHVTEEILKENPNIAAYEATSLNVRHKMQVKGVAELGKEAALKAIKEWGQPKSKITHL
 IVCCLAGVDMPGADYQLTKLLDLDPSVKRFMFYHLGCYAGGTVLRLAKDIAENNKGARVL
 IVCSEMTTTCFRGPSETHLDSMIGQAILGDGAAAVIVGADPDLTVERPIFELVSTAQTIV
 PESHGAIEGHLLESGLSFHLYKTVPTLISNNIKTCLSDAFTPLNISDWNSLFWIAHPGGP
 AILDQVTAKVGLEKEKLKVTRQVLKDYGNMSSATVFFIMDEMRKKSLENGQATTGEGLEW
 GVLFGFGPGITVETVVLRSVPVIS","anthraniloyl-coa","1"
"640","ARAS1","Plant","MPGATTAAIVDSRRGTQHSEGPATILAIGTANPENIMFQDNFADYYFGLTKSEHLTELKE
 KMKRICHKSGIEKRYIHLDAELISVHPEIIDKHLPSLETRVDIVATEVPKLAESAARKAI
 AEWGRPATDITHLIFSTYSGCRAPSADLQLASLLGLRPSVSRTILSLHGCSGGGRALQLA
 KEIAENNRGARVLIACSELTLICFSTPDESKIIGHGLFGDGAGAVIVGADPSVDGECPLF
 EMVAASQTMIPGTEHALGMQATSSGIDFHLSIQVPTLIKDNIHQCLLFRSVGNTDPNW
 NDLFWAVHPGGRAILDNIEDKLQLHPCKLAASRQVLSEYGNMSGATIAFVLDELRRRREK
 EQDIQQQPEWGVLLAFGPGVTIESIVLRNPLSRGLKEN","behenoyl-coa","1"
"641","ARAS2","Plant","MPGAATTAAVVDSRRSAQRAEGPATIIAIGTANPANIVPQDNFADYYFGLTKSEHLTELK
 DKMKRICKKSGIEKRYIHLDEEIIRAHPEIIDKHQPSLEARVEIAAAEVPKLAESAARKA
 IAKWGRPATDITHLIFSTYSGCRAPSADLQLASLLGLRPSVSRTILSLHGCSGGGRALQL
 AKELAENNRGARVLVALSELTLVCFSTPDESKIVGHGLFGDGAGAIIVGAGPFSDGECPL
 FEMVAASQTMIPGTEHALGMQATSTGIDFHLSVQVPMLIKDNIQQSLLESFQSVGYTDPD
 WNNLFWAVHPGGRAILDNIEGKLQLQPWKLAASRQVLREFGNMSGATIAFVLDELCHRRE
 KDEDESQQHEWGVMLAFGPGITIETIVMRNPLARGLKQN","behenoyl-coa","1"
"643","ArsB","bacterial","MSSPHVLTGFTPVQLAKPVPQALTLELSAYAFARAYCIKNGVGTDDEAGFAKVYQSVKEKFDKYALSS AQIKRRQLIFFPKVSDIHFANGHVDIAAPEHAYLKLYDMATDPRGSDLKVRHESYAKVVDQGLERMFQDS AEAPDDLIHVTCSGYLSPSPVERMAADRGWFETTVTHSYHMGCYGAFPAIKMAHGMLSSSRFGVTPVKHR VDIVHTELLSAHNNIVDARAENIITMTLFADGLIKYSVLSEEELHRQGGHGLRVLAMNEHLLPDSADEMT WVPGSHQFLMTLTPMVPVVIKRHVRDFVVKLLERAGIDYERERLELTFAIHPGGPKIVEHIQEDLGLSDE QVAISKSVFLENGNMSSATIPHILKQVLEEVDVGTRVLCLGFGPGLTVTGMVLEKI","behenoyl-coa","1"
"644","ArsC","bacterial","MNDMAHPNSAVLADFIPVQLAKPVPQRITLELTAYGFARAHCLSNGITDEEGFVQVYKTVKEKFDKYAVS PAQIKQRQLVYFPKLTDIRFGDGNFDIADPEPDQAHLRLFDIKKDPRGADLKTRHESYAKVVGKGLEQMF EGTLEAPDDLIHVTCSGYLAPSPAERMVADRGWFETTVTHSYNMGCYGAFPAIKMAHGMLASAQWGATPP KTRVDIAHTELMSAHNNIAESRVDNIISATLFSDGLIKYSVYPEDELRRQGLRGLRILAMSEHLLPDSAD TMTGVPGSHQFVMTLSPLVPAIIKRHVRAFAVDLLRRAGMDFERDKDALSFAIHPGGPKIVDHVQEELGL AEDQVAISKSVFLENGNMSSSTIPHILKAYLEEATVGTRIACLGFGPGLTAAGLVLEKI","behenoyl-coa","1"
"646","BpsA","bacterial","MAFILSIGTSLPAYNVNQEKAAEFARYMFQHSFKDIDRLLSSFKNGQIHSRQFVKPIEWY KEGHSFEEKNQIYIEETLKHSRAAVRECLSHPEFFQEAIPYEKVEAVFFVSSTGLSTPSI EARLMNELPFSPYTKRIPIWGLGCAGGASGLARAAEYCKAYPEAFVLVISAELCSLTFQP EDKTKSNLIGTSLFGDGIAAALLCGEKADRRVSKLKLAPKIMDAQSVLMKQSEDVMGWDF TDQGFKVIFSRDIPTLVEKWLKTNVQIFLDKHKLSFHDISVFLAHPGGKKVIDAYIKSLG LSSEKLSSAQSILQKHGNMSSATILYVIKDHLQNGHKKEAERGLIGALGPGFSSELLLFS WEKGA","behenoyl-coa","1"
"667","Sg-RppA","bacterial","MATLCRPAIAVPEHVITMQQTLDLARETHAGHPQRDLVLRLIQNTGVQTRHLVQPIEKTL
 AHPGFEVRNQVYEAEAKTRVPEVVRRALAETEPSEIDLIVYVSCTGFMMPSLTAWIIN
 SMGFRPETRQLPIAQLGCAAGGAAINRAHDFCVAYPDSNVLIVSCEFCSLCYQPTDIGVG
 SLLSNGLFGDALSAAVVRGQGGTGMRLERNGSHLVPDTEDWISYAVRDTGFHFQLDKRVP
 GTMEMLAPVLLDLVDLHGWSVPNMDFFIVHAGGPRILDDLCHFLDLPPEMFRYSRATLTE
 RGNIASSVVFDALARLFDDGGAAESAQGLIAGFGPGITAEVAVGSWAKEGLGADVGRDLD
 ELELTAGVALSG","tiglyl-coa","0"
"698","gcs","bacterial","MAAYLCAPAVIHGEHSVETREIVEEVRGRHPHAPWAPRIDGIAASTGIESRGWMLPLEAA VAPGGGGDLGAAREALVRDGFTEQDANRAIAALKAVPASQTVQERTAPAWEAVQAYGERA ARGALQIAGLDVADVDCLITSNSTTPALPGLDVALANRLPLRGDTMLLPATQWACVAGTR SLALAADLVAADPDRVVLVVISEALSTTYQPADDTLESLIVRLLFADTAVAAVVTGRPRP ESVLRLDAAWHHTLPGTRDLHRLETRADGTHFVMDRRGPRAVQETVTAMWEWLRVRYEDD PSSWHPDVLLAHPGGTRVLEYMEQTMPDEWPSGLLSYSRDSYTSGNRGGAAVFDILRRAH DAGQKTGSRAVLYAAAPGLTATALEGEWL","HMG-coa","0"
"723","gcs","bacterial","MAAYLCAPAVIHGEHSVETREIVEEVRGRHPHAPWAPRIDGIAASTGIESRGWMLPLEAA VAPGGGGDLGAAREALVRDGFTEQDANRAIAALKAVPASQTVQERTAPAWEAVQAYGERA ARGALQIAGLDVADVDCLITSNSTTPALPGLDVALANRLPLRGDTMLLPATQWACVAGTR SLALAADLVAADPDRVVLVVISEALSTTYQPADDTLESLIVRLLFADTAVAAVVTGRPRP ESVLRLDAAWHHTLPGTRDLHRLETRADGTHFVMDRRGPRAVQETVTAMWEWLRVRYEDD PSSWHPDVLLAHPGGTRVLEYMEQTMPDEWPSGLLSYSRDSYTSGNRGGAAVFDILRRAH DAGQKTGSRAVLYAAAPGLTATALEGEWL","beta-hydroxybutyryl-coa","1"
