"","Gene","Sequence","Accession","Genera","Substrate","value"
"1","AiizPKS","MAPNGSSPPGLYITGLGSQYPPYLLDPEKLEILAAQFYDVQRPGLRKLLRINRSSGIETR
SAIHTYDNGFATKSTAPSISELDQFYRQAGVDLAVQACEKALQDADVPPGKITHTIGVTC
TNQGNPGYDLLVNRKLGLPASVDRMLLHGVGCAGGLAIMRAAAQIACGGSARGKPVRILA
FACELCTPNVRHELAAAEEAADPADICIAGALFSDAAAAFVLCNEYAIVEDDARPVYELV
EWGNGLIPDTVEHMAFYADVDGYQTVLTREVPQYVKHAINPMFTSLLPSYQRLVQSVPDA
EDAQVGSQLGISDFDWALHPGGQAIIEGAKQVLELSEDQLHVSREIYRTRGNSASATVLI
VLDRLRSLGKREHVVATSFGPGLAIEMAMLRRCEIEKD","Aspiiz1|328085","Aspergillus","cinnamoyl-coa","1"
"2","AthePKS","MTTQPALCITGLGHQYPPYLMTPDKFDQLAARFHDTERPGLKKLIQINHTTGIESRASIL
PYTTGFATQSIPPTITEINHFFRSAGVDLAVSACKKALRDARTPPAKITHTVAVTATNQG
CPGYDLLVAKKLGLRLSSSSARPALDRTLLSGVGCAGGLSVLRTAAQLACGASARGKPAR
ILAYACELCMPNGRHDLAEVAREGDPDGISIVAALFSDAAGAVVLCNEVALAEDREGGAD
PDSEDEDEEAVRPVYRLLQWGHDVIPDTIEHMGFTTEGDGYHTTLTRAVPEHVKKAIGPI
FSTLLPSYQQQLQSCTPETINKADQQLTIHDFEFALHPGGEAIIDGAKEVLGLTEDQIKV
TRETYRTKGNSSSPTVLILLDKLRSEANRKRENVVAASFGPGMTIEMAMLRRCEDDE","Aspth1|366720","Aspergillus","cinnamoyl-coa","0"
"3","AastPKS","MGNSLSSSPSPGQSPQPEIQLRGDEAIITGIATEWPSRLIGPEELNKYALKFYPENPPWL
QKLLMLNTKTGIETRAVIDLWDDPRWLGDQPPTAEEVDAAFREYGVELAKKAALKALRES
NIDPSSVTHMVSVTATNAGAPGYDQLVARDLGLPDRTERVLLSGVGCAGGCASLRLASAL
ADAATHRKKAARILIVACELCSIQIRSELHAASQSPITRIGPVIFSDGAAALVVCNSLGM
SDKTPKQFAIVDDKSVTTSETQEEMSVKVSTYGFLATFSKKIPELAIGSMKAPLQSLLQS
NGMSSASPTDFYWALHPGGRAIIEGVQAAFNLPEDSLSASYEIYKTRGNSSSVSILAVLE
KVREKKLQTPNVVACSFGTGIRTEIALLRRMA","Aspaste1|20971","Aspergillus","cinnamoyl-coa","1"
"4","XacuPKS1","MGANWSSPGETENHDGSRQEMSDRLTITGLGSEWPDLLVGPKHLQEYAESIYPADAPWLQ
KLLTVNAQTGVQTRAVLECWNDPMWRGPVPPTIEQVHEAFDKYAPPLTAGAARRALNESG
IAASAVTHMVSVTATNCKCPGYDHLVAKELGISGDAERSLISGSGCAGGLAALRVANSMA
CAASLRGRPARILVVACELSSINLRAELEAAHKSGKLRIGAALFSDGAAAVVLCNDLALT
EKTPRLFTIADWCQNVAAETYDEVSVTTVSQGFLVYLSRTLPKHAAAAVHRPLQRLFGQK
DLPSPTECDWALHAGGAAIIQGVAKSVGIPDHQLRATSAVYSTRGNTASVTVLAVLDKLR
TMGPGTEDVVMCSFGPGLTVEMARLKRHC","Xylacu1|452307","Endophytes","cinnamoyl-coa","0"
"5","HargPKS1",">CDS_3939
MGATWSSTEEIDNADGSKQEFSDRLTITGLGSEWPKLLVGAEQLREYAESIYPADAPWLQ
KLLMVNAQTGVKTRAVLECWNDPMWRGPVPPTIEQVHEAFDKYAPPLTAGAARRALSESG
IAASAITHMVSVTATNCKCPGYDHLVAKELGISGDAERSLIAGSGCAGGLAALRVANSMA
NGATLRGRPARILVVACELSSINLRAELEAANQSGKLRIGGALFSDGAAAVVLCNDLALT
EKMPRLFTIADWCQNVAAETYDEVSVTTVSQGFLVYLSRTLPKHAAAAVHRPLERLFGKK
DLPSPKECDWALHAGGAAIIQGVQKSVGIPDHQLRATSAVYSTRGNTASVTVLAVLDKLR
TMGPGTDDVVMCSFGPGLTVEMARLKRHC","Hyparg1|454749","Endophytes","cinnamoyl-coa","0"
"6","HypPKS",">CDS_6803
MASTNTFGELGLSIVGLGAQYPPNSLKPDELHKLATKyPDSPAMQKVLDINKYTGIETR
SSIGTSDHPVVNQPDAPSIAELHKVFISDGVPLAIEASRKAILEAGIDLSEITHIVSTTC
TDSANPGFDHFVAKGLGVTHSVEKVLLHGVGCAGGLAVLRTAANLALGHAMRRKPARILC
VTLEVSTTMVRSELNSINELQETRIGAALFSDCASALILSNGIGRPTAAPVYELLGWDHK
ILPESELDLGFDVDPVGWKVVLSPRVPKLATEILKPSFLELLESVPGLPAEYREAPDFDW
AMHPGGLTILTGAEKMMGISPEHMRASYDRYMNHGNSSSATIFSVMDRLRSKDMDAIAPG
GRPRDFVVGCAFGPGIAVEMCMLKRNMGRLGIQTPPETDSEASRSEAGTPGSEKTQGEQR
PTLGDEMFINEALANVELD","HyNC0597_1|672645","Endophytes","cinnamoyl-coa","0"
"7","PficPKS","METTNAFGELGLSIIGIASQYPPHSLKPDQVQHLAERFYPDSPAMQKVLSINRYTGIDTR
ASIGTSDHPLVNAKEAPSIAELHRTFMTDGVPLAVAASRKAISEAGIQLSDITHVVATTC
TDSANPGFDHFVLKELGVTHQVEKVLLHGVGCSGGLATLRTAANLALGHAARRKPARILC
VALEVSTTMVRSELDSVNQTQETRIGVTLFSDCGSAVILSNGLGQRTADPVYELLGWEHK
VIPDTDHDLGFDVDPVGWKVVLSPRVPKLAAQVLQPTFSELMRDVPDMGPKYREAADFDW
AMHPGGATILTGAEKAMSITPEHMRASYMTYMNHGNSSSATIFSVMDKLRSKGMDEMAPG
GRAKDFVVGCAFGPGITVEMCMLKRNLGITRPHDIQTPPDTDSEASASDVDATSEWASED
PKESVPDTPEPEMIEPVASHSRDEDFINEALSRVELD","Pesfi1|10058","Endophytes","cinnamoyl-coa","0"
"8","DhelPKS","MASPNRFGQLGLSILGVGSQYPPHNLKPDAIDTLATRFYPDSPSMKKMRAINQFTGIDTR
SSIGNPDHPVVNFPGPPSIAQLHEVFMSAGVPLAVSAARKAIAEAKIDLNEITHVVSTTC
TDSANPGYDHFVCEKLGVSNQVERVLLHGVGCAGGLTALRTAANLALGHTFRGKPARILV
LALEVSTTMVRSELESIDKLQETRIGVCLFSDGASAVVLSNGLGKASGPPVYDYLGWDNR
IIPDTTSDLGFDVDPVGWKVILTPRVPKIAQGALQETFSDLMSSLSLPPPWDDAKPSDFD
WAMHPGGATILSGAEKALGLVPEHMRASYDTYINHGNSSSATIFSVLDRLRSKDMDACTP
DGRGPKDHIVGCAFGPGVAVEMCMLKRHFPPGAEGTGLQTPPETESEESSERSDDGEASV
RSDDLDVEDEAAAVHTRRADAGVDSFIAQAISSVELD","Diahe1|3921","Endophytes","cinnamoyl-coa","0"
"9","FerePKS","MSPSAMHNKVTPPYHRPNLYVHGIGVEYPPYEIKPEHLATLARRFYPSTPALEKVLRINE
YTGIDSRSAIGNIDHPIANAPEPPTIAELCDVFLDHGVKLSIDACRKAVKQWGGDLSEIT
HVVATTCTNSANPGYDHYVIKGLGLNPSIEKILLHGVGCSGGLGALRTAANIALGSSFRR
KPARILVFACEISSTLVRSELDSIHKNQEVRIGVTLFSDCASAVVLGNGFSDRYDEEPIL
ELLGWDHKVIEDTEKDLGFDVDPLGWKVVLTQRVPKLASAAVPGMFEDLVGSIPELVDLG
KFKASDYDWALHPGGATVITGVERAMNLKPELLRASYEVYITHGNSSSATIFSVMNRLLE
GETKDHIVACAFGPGIAVEMMMLKRSNQGSDSGTESPTETLVAEDVD","Foner1|4724","Other","cinnamoyl-coa","1"
"10","TtonPKS","MPASKCANSPLVAPGLFIVSLGSQYPPYLLNHEKLTCFAERFYDIRRPGLRKLLQINAST
GIETRSSIRCYETGFACDSVPPSIADLDELFRRDGVDLTVQACMKAMKEAGVLPEQITHT
VGVTCTNQGNPGYDLLVNEKLGLPERTSRILLHGVGCAGGLSIMRVASQVACGETMRKRP
ACILAYACELCTPNVRHDLAEAEQCTDLSKVNIAGALFSDAAAAFILCNRTALEGINASP
IFELIEWDYALIPDTMQHLTSYTDPYGFRSVLTKDIPTYARAAIGPMFHRLLPSYEEQVF
AADMQLGVVNFDWAVHPGGKALIDGIQETMQLTEDQLRASREIYRTRGNSSSPTILSVLD
RLRTYEKKRGHVVAASFGPGMAIEMVMLKRCEVAGGER",NA,"Other","cinnamoyl-coa","1"
"11","AiizPKS","MAPNGSSPPGLYITGLGSQYPPYLLDPEKLEILAAQFYDVQRPGLRKLLRINRSSGIETR
SAIHTYDNGFATKSTAPSISELDQFYRQAGVDLAVQACEKALQDADVPPGKITHTIGVTC
TNQGNPGYDLLVNRKLGLPASVDRMLLHGVGCAGGLAIMRAAAQIACGGSARGKPVRILA
FACELCTPNVRHELAAAEEAADPADICIAGALFSDAAAAFVLCNEYAIVEDDARPVYELV
EWGNGLIPDTVEHMAFYADVDGYQTVLTREVPQYVKHAINPMFTSLLPSYQRLVQSVPDA
EDAQVGSQLGISDFDWALHPGGQAIIEGAKQVLELSEDQLHVSREIYRTRGNSASATVLI
VLDRLRSLGKREHVVATSFGPGLAIEMAMLRRCEIEKD","Aspiiz1|328085","Aspergillus","2-chlorophenylacetyl-coa","1"
"12","AthePKS","MTTQPALCITGLGHQYPPYLMTPDKFDQLAARFHDTERPGLKKLIQINHTTGIESRASIL
PYTTGFATQSIPPTITEINHFFRSAGVDLAVSACKKALRDARTPPAKITHTVAVTATNQG
CPGYDLLVAKKLGLRLSSSSARPALDRTLLSGVGCAGGLSVLRTAAQLACGASARGKPAR
ILAYACELCMPNGRHDLAEVAREGDPDGISIVAALFSDAAGAVVLCNEVALAEDREGGAD
PDSEDEDEEAVRPVYRLLQWGHDVIPDTIEHMGFTTEGDGYHTTLTRAVPEHVKKAIGPI
FSTLLPSYQQQLQSCTPETINKADQQLTIHDFEFALHPGGEAIIDGAKEVLGLTEDQIKV
TRETYRTKGNSSSPTVLILLDKLRSEANRKRENVVAASFGPGMTIEMAMLRRCEDDE","Aspth1|366720","Aspergillus","2-chlorophenylacetyl-coa","0"
"13","AastPKS","MGNSLSSSPSPGQSPQPEIQLRGDEAIITGIATEWPSRLIGPEELNKYALKFYPENPPWL
QKLLMLNTKTGIETRAVIDLWDDPRWLGDQPPTAEEVDAAFREYGVELAKKAALKALRES
NIDPSSVTHMVSVTATNAGAPGYDQLVARDLGLPDRTERVLLSGVGCAGGCASLRLASAL
ADAATHRKKAARILIVACELCSIQIRSELHAASQSPITRIGPVIFSDGAAALVVCNSLGM
SDKTPKQFAIVDDKSVTTSETQEEMSVKVSTYGFLATFSKKIPELAIGSMKAPLQSLLQS
NGMSSASPTDFYWALHPGGRAIIEGVQAAFNLPEDSLSASYEIYKTRGNSSSVSILAVLE
KVREKKLQTPNVVACSFGTGIRTEIALLRRMA","Aspaste1|20971","Aspergillus","2-chlorophenylacetyl-coa","0"
"14","XacuPKS1","MGANWSSPGETENHDGSRQEMSDRLTITGLGSEWPDLLVGPKHLQEYAESIYPADAPWLQ
KLLTVNAQTGVQTRAVLECWNDPMWRGPVPPTIEQVHEAFDKYAPPLTAGAARRALNESG
IAASAVTHMVSVTATNCKCPGYDHLVAKELGISGDAERSLISGSGCAGGLAALRVANSMA
CAASLRGRPARILVVACELSSINLRAELEAAHKSGKLRIGAALFSDGAAAVVLCNDLALT
EKTPRLFTIADWCQNVAAETYDEVSVTTVSQGFLVYLSRTLPKHAAAAVHRPLQRLFGQK
DLPSPTECDWALHAGGAAIIQGVAKSVGIPDHQLRATSAVYSTRGNTASVTVLAVLDKLR
TMGPGTEDVVMCSFGPGLTVEMARLKRHC","Xylacu1|452307","Endophytes","2-chlorophenylacetyl-coa","1"
"15","HargPKS1",">CDS_3939
MGATWSSTEEIDNADGSKQEFSDRLTITGLGSEWPKLLVGAEQLREYAESIYPADAPWLQ
KLLMVNAQTGVKTRAVLECWNDPMWRGPVPPTIEQVHEAFDKYAPPLTAGAARRALSESG
IAASAITHMVSVTATNCKCPGYDHLVAKELGISGDAERSLIAGSGCAGGLAALRVANSMA
NGATLRGRPARILVVACELSSINLRAELEAANQSGKLRIGGALFSDGAAAVVLCNDLALT
EKMPRLFTIADWCQNVAAETYDEVSVTTVSQGFLVYLSRTLPKHAAAAVHRPLERLFGKK
DLPSPKECDWALHAGGAAIIQGVQKSVGIPDHQLRATSAVYSTRGNTASVTVLAVLDKLR
TMGPGTDDVVMCSFGPGLTVEMARLKRHC","Hyparg1|454749","Endophytes","2-chlorophenylacetyl-coa","1"
"16","HypPKS",">CDS_6803
MASTNTFGELGLSIVGLGAQYPPNSLKPDELHKLATKyPDSPAMQKVLDINKYTGIETR
SSIGTSDHPVVNQPDAPSIAELHKVFISDGVPLAIEASRKAILEAGIDLSEITHIVSTTC
TDSANPGFDHFVAKGLGVTHSVEKVLLHGVGCAGGLAVLRTAANLALGHAMRRKPARILC
VTLEVSTTMVRSELNSINELQETRIGAALFSDCASALILSNGIGRPTAAPVYELLGWDHK
ILPESELDLGFDVDPVGWKVVLSPRVPKLATEILKPSFLELLESVPGLPAEYREAPDFDW
AMHPGGLTILTGAEKMMGISPEHMRASYDRYMNHGNSSSATIFSVMDRLRSKDMDAIAPG
GRPRDFVVGCAFGPGIAVEMCMLKRNMGRLGIQTPPETDSEASRSEAGTPGSEKTQGEQR
PTLGDEMFINEALANVELD","HyNC0597_1|672645","Endophytes","2-chlorophenylacetyl-coa","0"
"17","PficPKS","METTNAFGELGLSIIGIASQYPPHSLKPDQVQHLAERFYPDSPAMQKVLSINRYTGIDTR
ASIGTSDHPLVNAKEAPSIAELHRTFMTDGVPLAVAASRKAISEAGIQLSDITHVVATTC
TDSANPGFDHFVLKELGVTHQVEKVLLHGVGCSGGLATLRTAANLALGHAARRKPARILC
VALEVSTTMVRSELDSVNQTQETRIGVTLFSDCGSAVILSNGLGQRTADPVYELLGWEHK
VIPDTDHDLGFDVDPVGWKVVLSPRVPKLAAQVLQPTFSELMRDVPDMGPKYREAADFDW
AMHPGGATILTGAEKAMSITPEHMRASYMTYMNHGNSSSATIFSVMDKLRSKGMDEMAPG
GRAKDFVVGCAFGPGITVEMCMLKRNLGITRPHDIQTPPDTDSEASASDVDATSEWASED
PKESVPDTPEPEMIEPVASHSRDEDFINEALSRVELD","Pesfi1|10058","Endophytes","2-chlorophenylacetyl-coa","0"
"18","DhelPKS","MASPNRFGQLGLSILGVGSQYPPHNLKPDAIDTLATRFYPDSPSMKKMRAINQFTGIDTR
SSIGNPDHPVVNFPGPPSIAQLHEVFMSAGVPLAVSAARKAIAEAKIDLNEITHVVSTTC
TDSANPGYDHFVCEKLGVSNQVERVLLHGVGCAGGLTALRTAANLALGHTFRGKPARILV
LALEVSTTMVRSELESIDKLQETRIGVCLFSDGASAVVLSNGLGKASGPPVYDYLGWDNR
IIPDTTSDLGFDVDPVGWKVILTPRVPKIAQGALQETFSDLMSSLSLPPPWDDAKPSDFD
WAMHPGGATILSGAEKALGLVPEHMRASYDTYINHGNSSSATIFSVLDRLRSKDMDACTP
DGRGPKDHIVGCAFGPGVAVEMCMLKRHFPPGAEGTGLQTPPETESEESSERSDDGEASV
RSDDLDVEDEAAAVHTRRADAGVDSFIAQAISSVELD","Diahe1|3921","Endophytes","2-chlorophenylacetyl-coa","0"
"19","FerePKS","MSPSAMHNKVTPPYHRPNLYVHGIGVEYPPYEIKPEHLATLARRFYPSTPALEKVLRINE
YTGIDSRSAIGNIDHPIANAPEPPTIAELCDVFLDHGVKLSIDACRKAVKQWGGDLSEIT
HVVATTCTNSANPGYDHYVIKGLGLNPSIEKILLHGVGCSGGLGALRTAANIALGSSFRR
KPARILVFACEISSTLVRSELDSIHKNQEVRIGVTLFSDCASAVVLGNGFSDRYDEEPIL
ELLGWDHKVIEDTEKDLGFDVDPLGWKVVLTQRVPKLASAAVPGMFEDLVGSIPELVDLG
KFKASDYDWALHPGGATVITGVERAMNLKPELLRASYEVYITHGNSSSATIFSVMNRLLE
GETKDHIVACAFGPGIAVEMMMLKRSNQGSDSGTESPTETLVAEDVD","Foner1|4724","Other","2-chlorophenylacetyl-coa","1"
"20","TtonPKS","MPASKCANSPLVAPGLFIVSLGSQYPPYLLNHEKLTCFAERFYDIRRPGLRKLLQINAST
GIETRSSIRCYETGFACDSVPPSIADLDELFRRDGVDLTVQACMKAMKEAGVLPEQITHT
VGVTCTNQGNPGYDLLVNEKLGLPERTSRILLHGVGCAGGLSIMRVASQVACGETMRKRP
ACILAYACELCTPNVRHDLAEAEQCTDLSKVNIAGALFSDAAAAFILCNRTALEGINASP
IFELIEWDYALIPDTMQHLTSYTDPYGFRSVLTKDIPTYARAAIGPMFHRLLPSYEEQVF
AADMQLGVVNFDWAVHPGGKALIDGIQETMQLTEDQLRASREIYRTRGNSSSPTILSVLD
RLRTYEKKRGHVVAASFGPGMAIEMVMLKRCEVAGGER",NA,"Other","2-chlorophenylacetyl-coa","1"
"21","AiizPKS","MAPNGSSPPGLYITGLGSQYPPYLLDPEKLEILAAQFYDVQRPGLRKLLRINRSSGIETR
SAIHTYDNGFATKSTAPSISELDQFYRQAGVDLAVQACEKALQDADVPPGKITHTIGVTC
TNQGNPGYDLLVNRKLGLPASVDRMLLHGVGCAGGLAIMRAAAQIACGGSARGKPVRILA
FACELCTPNVRHELAAAEEAADPADICIAGALFSDAAAAFVLCNEYAIVEDDARPVYELV
EWGNGLIPDTVEHMAFYADVDGYQTVLTREVPQYVKHAINPMFTSLLPSYQRLVQSVPDA
EDAQVGSQLGISDFDWALHPGGQAIIEGAKQVLELSEDQLHVSREIYRTRGNSASATVLI
VLDRLRSLGKREHVVATSFGPGLAIEMAMLRRCEIEKD","Aspiiz1|328085","Aspergillus","2-furoyl-coa","1"
"22","AthePKS","MTTQPALCITGLGHQYPPYLMTPDKFDQLAARFHDTERPGLKKLIQINHTTGIESRASIL
PYTTGFATQSIPPTITEINHFFRSAGVDLAVSACKKALRDARTPPAKITHTVAVTATNQG
CPGYDLLVAKKLGLRLSSSSARPALDRTLLSGVGCAGGLSVLRTAAQLACGASARGKPAR
ILAYACELCMPNGRHDLAEVAREGDPDGISIVAALFSDAAGAVVLCNEVALAEDREGGAD
PDSEDEDEEAVRPVYRLLQWGHDVIPDTIEHMGFTTEGDGYHTTLTRAVPEHVKKAIGPI
FSTLLPSYQQQLQSCTPETINKADQQLTIHDFEFALHPGGEAIIDGAKEVLGLTEDQIKV
TRETYRTKGNSSSPTVLILLDKLRSEANRKRENVVAASFGPGMTIEMAMLRRCEDDE","Aspth1|366720","Aspergillus","2-furoyl-coa","0"
"23","AastPKS","MGNSLSSSPSPGQSPQPEIQLRGDEAIITGIATEWPSRLIGPEELNKYALKFYPENPPWL
QKLLMLNTKTGIETRAVIDLWDDPRWLGDQPPTAEEVDAAFREYGVELAKKAALKALRES
NIDPSSVTHMVSVTATNAGAPGYDQLVARDLGLPDRTERVLLSGVGCAGGCASLRLASAL
ADAATHRKKAARILIVACELCSIQIRSELHAASQSPITRIGPVIFSDGAAALVVCNSLGM
SDKTPKQFAIVDDKSVTTSETQEEMSVKVSTYGFLATFSKKIPELAIGSMKAPLQSLLQS
NGMSSASPTDFYWALHPGGRAIIEGVQAAFNLPEDSLSASYEIYKTRGNSSSVSILAVLE
KVREKKLQTPNVVACSFGTGIRTEIALLRRMA","Aspaste1|20971","Aspergillus","2-furoyl-coa","1"
"24","XacuPKS1","MGANWSSPGETENHDGSRQEMSDRLTITGLGSEWPDLLVGPKHLQEYAESIYPADAPWLQ
KLLTVNAQTGVQTRAVLECWNDPMWRGPVPPTIEQVHEAFDKYAPPLTAGAARRALNESG
IAASAVTHMVSVTATNCKCPGYDHLVAKELGISGDAERSLISGSGCAGGLAALRVANSMA
CAASLRGRPARILVVACELSSINLRAELEAAHKSGKLRIGAALFSDGAAAVVLCNDLALT
EKTPRLFTIADWCQNVAAETYDEVSVTTVSQGFLVYLSRTLPKHAAAAVHRPLQRLFGQK
DLPSPTECDWALHAGGAAIIQGVAKSVGIPDHQLRATSAVYSTRGNTASVTVLAVLDKLR
TMGPGTEDVVMCSFGPGLTVEMARLKRHC","Xylacu1|452307","Endophytes","2-furoyl-coa","0"
"25","HargPKS1",">CDS_3939
MGATWSSTEEIDNADGSKQEFSDRLTITGLGSEWPKLLVGAEQLREYAESIYPADAPWLQ
KLLMVNAQTGVKTRAVLECWNDPMWRGPVPPTIEQVHEAFDKYAPPLTAGAARRALSESG
IAASAITHMVSVTATNCKCPGYDHLVAKELGISGDAERSLIAGSGCAGGLAALRVANSMA
NGATLRGRPARILVVACELSSINLRAELEAANQSGKLRIGGALFSDGAAAVVLCNDLALT
EKMPRLFTIADWCQNVAAETYDEVSVTTVSQGFLVYLSRTLPKHAAAAVHRPLERLFGKK
DLPSPKECDWALHAGGAAIIQGVQKSVGIPDHQLRATSAVYSTRGNTASVTVLAVLDKLR
TMGPGTDDVVMCSFGPGLTVEMARLKRHC","Hyparg1|454749","Endophytes","2-furoyl-coa","0"
"26","HypPKS",">CDS_6803
MASTNTFGELGLSIVGLGAQYPPNSLKPDELHKLATKyPDSPAMQKVLDINKYTGIETR
SSIGTSDHPVVNQPDAPSIAELHKVFISDGVPLAIEASRKAILEAGIDLSEITHIVSTTC
TDSANPGFDHFVAKGLGVTHSVEKVLLHGVGCAGGLAVLRTAANLALGHAMRRKPARILC
VTLEVSTTMVRSELNSINELQETRIGAALFSDCASALILSNGIGRPTAAPVYELLGWDHK
ILPESELDLGFDVDPVGWKVVLSPRVPKLATEILKPSFLELLESVPGLPAEYREAPDFDW
AMHPGGLTILTGAEKMMGISPEHMRASYDRYMNHGNSSSATIFSVMDRLRSKDMDAIAPG
GRPRDFVVGCAFGPGIAVEMCMLKRNMGRLGIQTPPETDSEASRSEAGTPGSEKTQGEQR
PTLGDEMFINEALANVELD","HyNC0597_1|672645","Endophytes","2-furoyl-coa","0"
"27","PficPKS","METTNAFGELGLSIIGIASQYPPHSLKPDQVQHLAERFYPDSPAMQKVLSINRYTGIDTR
ASIGTSDHPLVNAKEAPSIAELHRTFMTDGVPLAVAASRKAISEAGIQLSDITHVVATTC
TDSANPGFDHFVLKELGVTHQVEKVLLHGVGCSGGLATLRTAANLALGHAARRKPARILC
VALEVSTTMVRSELDSVNQTQETRIGVTLFSDCGSAVILSNGLGQRTADPVYELLGWEHK
VIPDTDHDLGFDVDPVGWKVVLSPRVPKLAAQVLQPTFSELMRDVPDMGPKYREAADFDW
AMHPGGATILTGAEKAMSITPEHMRASYMTYMNHGNSSSATIFSVMDKLRSKGMDEMAPG
GRAKDFVVGCAFGPGITVEMCMLKRNLGITRPHDIQTPPDTDSEASASDVDATSEWASED
PKESVPDTPEPEMIEPVASHSRDEDFINEALSRVELD","Pesfi1|10058","Endophytes","2-furoyl-coa","0"
"28","DhelPKS","MASPNRFGQLGLSILGVGSQYPPHNLKPDAIDTLATRFYPDSPSMKKMRAINQFTGIDTR
SSIGNPDHPVVNFPGPPSIAQLHEVFMSAGVPLAVSAARKAIAEAKIDLNEITHVVSTTC
TDSANPGYDHFVCEKLGVSNQVERVLLHGVGCAGGLTALRTAANLALGHTFRGKPARILV
LALEVSTTMVRSELESIDKLQETRIGVCLFSDGASAVVLSNGLGKASGPPVYDYLGWDNR
IIPDTTSDLGFDVDPVGWKVILTPRVPKIAQGALQETFSDLMSSLSLPPPWDDAKPSDFD
WAMHPGGATILSGAEKALGLVPEHMRASYDTYINHGNSSSATIFSVLDRLRSKDMDACTP
DGRGPKDHIVGCAFGPGVAVEMCMLKRHFPPGAEGTGLQTPPETESEESSERSDDGEASV
RSDDLDVEDEAAAVHTRRADAGVDSFIAQAISSVELD","Diahe1|3921","Endophytes","2-furoyl-coa","0"
"29","FerePKS","MSPSAMHNKVTPPYHRPNLYVHGIGVEYPPYEIKPEHLATLARRFYPSTPALEKVLRINE
YTGIDSRSAIGNIDHPIANAPEPPTIAELCDVFLDHGVKLSIDACRKAVKQWGGDLSEIT
HVVATTCTNSANPGYDHYVIKGLGLNPSIEKILLHGVGCSGGLGALRTAANIALGSSFRR
KPARILVFACEISSTLVRSELDSIHKNQEVRIGVTLFSDCASAVVLGNGFSDRYDEEPIL
ELLGWDHKVIEDTEKDLGFDVDPLGWKVVLTQRVPKLASAAVPGMFEDLVGSIPELVDLG
KFKASDYDWALHPGGATVITGVERAMNLKPELLRASYEVYITHGNSSSATIFSVMNRLLE
GETKDHIVACAFGPGIAVEMMMLKRSNQGSDSGTESPTETLVAEDVD","Foner1|4724","Other","2-furoyl-coa","1"
"30","TtonPKS","MPASKCANSPLVAPGLFIVSLGSQYPPYLLNHEKLTCFAERFYDIRRPGLRKLLQINAST
GIETRSSIRCYETGFACDSVPPSIADLDELFRRDGVDLTVQACMKAMKEAGVLPEQITHT
VGVTCTNQGNPGYDLLVNEKLGLPERTSRILLHGVGCAGGLSIMRVASQVACGETMRKRP
ACILAYACELCTPNVRHDLAEAEQCTDLSKVNIAGALFSDAAAAFILCNRTALEGINASP
IFELIEWDYALIPDTMQHLTSYTDPYGFRSVLTKDIPTYARAAIGPMFHRLLPSYEEQVF
AADMQLGVVNFDWAVHPGGKALIDGIQETMQLTEDQLRASREIYRTRGNSSSPTILSVLD
RLRTYEKKRGHVVAASFGPGMAIEMVMLKRCEVAGGER",NA,"Other","2-furoyl-coa","1"
"31","AiizPKS","MAPNGSSPPGLYITGLGSQYPPYLLDPEKLEILAAQFYDVQRPGLRKLLRINRSSGIETR
SAIHTYDNGFATKSTAPSISELDQFYRQAGVDLAVQACEKALQDADVPPGKITHTIGVTC
TNQGNPGYDLLVNRKLGLPASVDRMLLHGVGCAGGLAIMRAAAQIACGGSARGKPVRILA
FACELCTPNVRHELAAAEEAADPADICIAGALFSDAAAAFVLCNEYAIVEDDARPVYELV
EWGNGLIPDTVEHMAFYADVDGYQTVLTREVPQYVKHAINPMFTSLLPSYQRLVQSVPDA
EDAQVGSQLGISDFDWALHPGGQAIIEGAKQVLELSEDQLHVSREIYRTRGNSASATVLI
VLDRLRSLGKREHVVATSFGPGLAIEMAMLRRCEIEKD","Aspiiz1|328085","Aspergillus","cyclohexanoyl-coa","1"
"32","AthePKS","MTTQPALCITGLGHQYPPYLMTPDKFDQLAARFHDTERPGLKKLIQINHTTGIESRASIL
PYTTGFATQSIPPTITEINHFFRSAGVDLAVSACKKALRDARTPPAKITHTVAVTATNQG
CPGYDLLVAKKLGLRLSSSSARPALDRTLLSGVGCAGGLSVLRTAAQLACGASARGKPAR
ILAYACELCMPNGRHDLAEVAREGDPDGISIVAALFSDAAGAVVLCNEVALAEDREGGAD
PDSEDEDEEAVRPVYRLLQWGHDVIPDTIEHMGFTTEGDGYHTTLTRAVPEHVKKAIGPI
FSTLLPSYQQQLQSCTPETINKADQQLTIHDFEFALHPGGEAIIDGAKEVLGLTEDQIKV
TRETYRTKGNSSSPTVLILLDKLRSEANRKRENVVAASFGPGMTIEMAMLRRCEDDE","Aspth1|366720","Aspergillus","cyclohexanoyl-coa","1"
"33","AastPKS","MGNSLSSSPSPGQSPQPEIQLRGDEAIITGIATEWPSRLIGPEELNKYALKFYPENPPWL
QKLLMLNTKTGIETRAVIDLWDDPRWLGDQPPTAEEVDAAFREYGVELAKKAALKALRES
NIDPSSVTHMVSVTATNAGAPGYDQLVARDLGLPDRTERVLLSGVGCAGGCASLRLASAL
ADAATHRKKAARILIVACELCSIQIRSELHAASQSPITRIGPVIFSDGAAALVVCNSLGM
SDKTPKQFAIVDDKSVTTSETQEEMSVKVSTYGFLATFSKKIPELAIGSMKAPLQSLLQS
NGMSSASPTDFYWALHPGGRAIIEGVQAAFNLPEDSLSASYEIYKTRGNSSSVSILAVLE
KVREKKLQTPNVVACSFGTGIRTEIALLRRMA","Aspaste1|20971","Aspergillus","cyclohexanoyl-coa","1"
"34","XacuPKS1","MGANWSSPGETENHDGSRQEMSDRLTITGLGSEWPDLLVGPKHLQEYAESIYPADAPWLQ
KLLTVNAQTGVQTRAVLECWNDPMWRGPVPPTIEQVHEAFDKYAPPLTAGAARRALNESG
IAASAVTHMVSVTATNCKCPGYDHLVAKELGISGDAERSLISGSGCAGGLAALRVANSMA
CAASLRGRPARILVVACELSSINLRAELEAAHKSGKLRIGAALFSDGAAAVVLCNDLALT
EKTPRLFTIADWCQNVAAETYDEVSVTTVSQGFLVYLSRTLPKHAAAAVHRPLQRLFGQK
DLPSPTECDWALHAGGAAIIQGVAKSVGIPDHQLRATSAVYSTRGNTASVTVLAVLDKLR
TMGPGTEDVVMCSFGPGLTVEMARLKRHC","Xylacu1|452307","Endophytes","cyclohexanoyl-coa","1"
"35","HargPKS1",">CDS_3939
MGATWSSTEEIDNADGSKQEFSDRLTITGLGSEWPKLLVGAEQLREYAESIYPADAPWLQ
KLLMVNAQTGVKTRAVLECWNDPMWRGPVPPTIEQVHEAFDKYAPPLTAGAARRALSESG
IAASAITHMVSVTATNCKCPGYDHLVAKELGISGDAERSLIAGSGCAGGLAALRVANSMA
NGATLRGRPARILVVACELSSINLRAELEAANQSGKLRIGGALFSDGAAAVVLCNDLALT
EKMPRLFTIADWCQNVAAETYDEVSVTTVSQGFLVYLSRTLPKHAAAAVHRPLERLFGKK
DLPSPKECDWALHAGGAAIIQGVQKSVGIPDHQLRATSAVYSTRGNTASVTVLAVLDKLR
TMGPGTDDVVMCSFGPGLTVEMARLKRHC","Hyparg1|454749","Endophytes","cyclohexanoyl-coa","1"
"36","HypPKS",">CDS_6803
MASTNTFGELGLSIVGLGAQYPPNSLKPDELHKLATKyPDSPAMQKVLDINKYTGIETR
SSIGTSDHPVVNQPDAPSIAELHKVFISDGVPLAIEASRKAILEAGIDLSEITHIVSTTC
TDSANPGFDHFVAKGLGVTHSVEKVLLHGVGCAGGLAVLRTAANLALGHAMRRKPARILC
VTLEVSTTMVRSELNSINELQETRIGAALFSDCASALILSNGIGRPTAAPVYELLGWDHK
ILPESELDLGFDVDPVGWKVVLSPRVPKLATEILKPSFLELLESVPGLPAEYREAPDFDW
AMHPGGLTILTGAEKMMGISPEHMRASYDRYMNHGNSSSATIFSVMDRLRSKDMDAIAPG
GRPRDFVVGCAFGPGIAVEMCMLKRNMGRLGIQTPPETDSEASRSEAGTPGSEKTQGEQR
PTLGDEMFINEALANVELD","HyNC0597_1|672645","Endophytes","cyclohexanoyl-coa","1"
"37","PficPKS","METTNAFGELGLSIIGIASQYPPHSLKPDQVQHLAERFYPDSPAMQKVLSINRYTGIDTR
ASIGTSDHPLVNAKEAPSIAELHRTFMTDGVPLAVAASRKAISEAGIQLSDITHVVATTC
TDSANPGFDHFVLKELGVTHQVEKVLLHGVGCSGGLATLRTAANLALGHAARRKPARILC
VALEVSTTMVRSELDSVNQTQETRIGVTLFSDCGSAVILSNGLGQRTADPVYELLGWEHK
VIPDTDHDLGFDVDPVGWKVVLSPRVPKLAAQVLQPTFSELMRDVPDMGPKYREAADFDW
AMHPGGATILTGAEKAMSITPEHMRASYMTYMNHGNSSSATIFSVMDKLRSKGMDEMAPG
GRAKDFVVGCAFGPGITVEMCMLKRNLGITRPHDIQTPPDTDSEASASDVDATSEWASED
PKESVPDTPEPEMIEPVASHSRDEDFINEALSRVELD","Pesfi1|10058","Endophytes","cyclohexanoyl-coa","1"
"38","DhelPKS","MASPNRFGQLGLSILGVGSQYPPHNLKPDAIDTLATRFYPDSPSMKKMRAINQFTGIDTR
SSIGNPDHPVVNFPGPPSIAQLHEVFMSAGVPLAVSAARKAIAEAKIDLNEITHVVSTTC
TDSANPGYDHFVCEKLGVSNQVERVLLHGVGCAGGLTALRTAANLALGHTFRGKPARILV
LALEVSTTMVRSELESIDKLQETRIGVCLFSDGASAVVLSNGLGKASGPPVYDYLGWDNR
IIPDTTSDLGFDVDPVGWKVILTPRVPKIAQGALQETFSDLMSSLSLPPPWDDAKPSDFD
WAMHPGGATILSGAEKALGLVPEHMRASYDTYINHGNSSSATIFSVLDRLRSKDMDACTP
DGRGPKDHIVGCAFGPGVAVEMCMLKRHFPPGAEGTGLQTPPETESEESSERSDDGEASV
RSDDLDVEDEAAAVHTRRADAGVDSFIAQAISSVELD","Diahe1|3921","Endophytes","cyclohexanoyl-coa","1"
"39","FerePKS","MSPSAMHNKVTPPYHRPNLYVHGIGVEYPPYEIKPEHLATLARRFYPSTPALEKVLRINE
YTGIDSRSAIGNIDHPIANAPEPPTIAELCDVFLDHGVKLSIDACRKAVKQWGGDLSEIT
HVVATTCTNSANPGYDHYVIKGLGLNPSIEKILLHGVGCSGGLGALRTAANIALGSSFRR
KPARILVFACEISSTLVRSELDSIHKNQEVRIGVTLFSDCASAVVLGNGFSDRYDEEPIL
ELLGWDHKVIEDTEKDLGFDVDPLGWKVVLTQRVPKLASAAVPGMFEDLVGSIPELVDLG
KFKASDYDWALHPGGATVITGVERAMNLKPELLRASYEVYITHGNSSSATIFSVMNRLLE
GETKDHIVACAFGPGIAVEMMMLKRSNQGSDSGTESPTETLVAEDVD","Foner1|4724","Other","cyclohexanoyl-coa","1"
"40","TtonPKS","MPASKCANSPLVAPGLFIVSLGSQYPPYLLNHEKLTCFAERFYDIRRPGLRKLLQINAST
GIETRSSIRCYETGFACDSVPPSIADLDELFRRDGVDLTVQACMKAMKEAGVLPEQITHT
VGVTCTNQGNPGYDLLVNEKLGLPERTSRILLHGVGCAGGLSIMRVASQVACGETMRKRP
ACILAYACELCTPNVRHDLAEAEQCTDLSKVNIAGALFSDAAAAFILCNRTALEGINASP
IFELIEWDYALIPDTMQHLTSYTDPYGFRSVLTKDIPTYARAAIGPMFHRLLPSYEEQVF
AADMQLGVVNFDWAVHPGGKALIDGIQETMQLTEDQLRASREIYRTRGNSSSPTILSVLD
RLRTYEKKRGHVVAASFGPGMAIEMVMLKRCEVAGGER",NA,"Other","cyclohexanoyl-coa","1"
"41","AiizPKS","MAPNGSSPPGLYITGLGSQYPPYLLDPEKLEILAAQFYDVQRPGLRKLLRINRSSGIETR
SAIHTYDNGFATKSTAPSISELDQFYRQAGVDLAVQACEKALQDADVPPGKITHTIGVTC
TNQGNPGYDLLVNRKLGLPASVDRMLLHGVGCAGGLAIMRAAAQIACGGSARGKPVRILA
FACELCTPNVRHELAAAEEAADPADICIAGALFSDAAAAFVLCNEYAIVEDDARPVYELV
EWGNGLIPDTVEHMAFYADVDGYQTVLTREVPQYVKHAINPMFTSLLPSYQRLVQSVPDA
EDAQVGSQLGISDFDWALHPGGQAIIEGAKQVLELSEDQLHVSREIYRTRGNSASATVLI
VLDRLRSLGKREHVVATSFGPGLAIEMAMLRRCEIEKD","Aspiiz1|328085","Aspergillus","4-fluorophenylacetyl-coa","1"
"42","AthePKS","MTTQPALCITGLGHQYPPYLMTPDKFDQLAARFHDTERPGLKKLIQINHTTGIESRASIL
PYTTGFATQSIPPTITEINHFFRSAGVDLAVSACKKALRDARTPPAKITHTVAVTATNQG
CPGYDLLVAKKLGLRLSSSSARPALDRTLLSGVGCAGGLSVLRTAAQLACGASARGKPAR
ILAYACELCMPNGRHDLAEVAREGDPDGISIVAALFSDAAGAVVLCNEVALAEDREGGAD
PDSEDEDEEAVRPVYRLLQWGHDVIPDTIEHMGFTTEGDGYHTTLTRAVPEHVKKAIGPI
FSTLLPSYQQQLQSCTPETINKADQQLTIHDFEFALHPGGEAIIDGAKEVLGLTEDQIKV
TRETYRTKGNSSSPTVLILLDKLRSEANRKRENVVAASFGPGMTIEMAMLRRCEDDE","Aspth1|366720","Aspergillus","4-fluorophenylacetyl-coa","0"
"43","AastPKS","MGNSLSSSPSPGQSPQPEIQLRGDEAIITGIATEWPSRLIGPEELNKYALKFYPENPPWL
QKLLMLNTKTGIETRAVIDLWDDPRWLGDQPPTAEEVDAAFREYGVELAKKAALKALRES
NIDPSSVTHMVSVTATNAGAPGYDQLVARDLGLPDRTERVLLSGVGCAGGCASLRLASAL
ADAATHRKKAARILIVACELCSIQIRSELHAASQSPITRIGPVIFSDGAAALVVCNSLGM
SDKTPKQFAIVDDKSVTTSETQEEMSVKVSTYGFLATFSKKIPELAIGSMKAPLQSLLQS
NGMSSASPTDFYWALHPGGRAIIEGVQAAFNLPEDSLSASYEIYKTRGNSSSVSILAVLE
KVREKKLQTPNVVACSFGTGIRTEIALLRRMA","Aspaste1|20971","Aspergillus","4-fluorophenylacetyl-coa","0"
"44","XacuPKS1","MGANWSSPGETENHDGSRQEMSDRLTITGLGSEWPDLLVGPKHLQEYAESIYPADAPWLQ
KLLTVNAQTGVQTRAVLECWNDPMWRGPVPPTIEQVHEAFDKYAPPLTAGAARRALNESG
IAASAVTHMVSVTATNCKCPGYDHLVAKELGISGDAERSLISGSGCAGGLAALRVANSMA
CAASLRGRPARILVVACELSSINLRAELEAAHKSGKLRIGAALFSDGAAAVVLCNDLALT
EKTPRLFTIADWCQNVAAETYDEVSVTTVSQGFLVYLSRTLPKHAAAAVHRPLQRLFGQK
DLPSPTECDWALHAGGAAIIQGVAKSVGIPDHQLRATSAVYSTRGNTASVTVLAVLDKLR
TMGPGTEDVVMCSFGPGLTVEMARLKRHC","Xylacu1|452307","Endophytes","4-fluorophenylacetyl-coa","1"
"45","HargPKS1",">CDS_3939
MGATWSSTEEIDNADGSKQEFSDRLTITGLGSEWPKLLVGAEQLREYAESIYPADAPWLQ
KLLMVNAQTGVKTRAVLECWNDPMWRGPVPPTIEQVHEAFDKYAPPLTAGAARRALSESG
IAASAITHMVSVTATNCKCPGYDHLVAKELGISGDAERSLIAGSGCAGGLAALRVANSMA
NGATLRGRPARILVVACELSSINLRAELEAANQSGKLRIGGALFSDGAAAVVLCNDLALT
EKMPRLFTIADWCQNVAAETYDEVSVTTVSQGFLVYLSRTLPKHAAAAVHRPLERLFGKK
DLPSPKECDWALHAGGAAIIQGVQKSVGIPDHQLRATSAVYSTRGNTASVTVLAVLDKLR
TMGPGTDDVVMCSFGPGLTVEMARLKRHC","Hyparg1|454749","Endophytes","4-fluorophenylacetyl-coa","1"
"46","HypPKS",">CDS_6803
MASTNTFGELGLSIVGLGAQYPPNSLKPDELHKLATKyPDSPAMQKVLDINKYTGIETR
SSIGTSDHPVVNQPDAPSIAELHKVFISDGVPLAIEASRKAILEAGIDLSEITHIVSTTC
TDSANPGFDHFVAKGLGVTHSVEKVLLHGVGCAGGLAVLRTAANLALGHAMRRKPARILC
VTLEVSTTMVRSELNSINELQETRIGAALFSDCASALILSNGIGRPTAAPVYELLGWDHK
ILPESELDLGFDVDPVGWKVVLSPRVPKLATEILKPSFLELLESVPGLPAEYREAPDFDW
AMHPGGLTILTGAEKMMGISPEHMRASYDRYMNHGNSSSATIFSVMDRLRSKDMDAIAPG
GRPRDFVVGCAFGPGIAVEMCMLKRNMGRLGIQTPPETDSEASRSEAGTPGSEKTQGEQR
PTLGDEMFINEALANVELD","HyNC0597_1|672645","Endophytes","4-fluorophenylacetyl-coa","1"
"47","PficPKS","METTNAFGELGLSIIGIASQYPPHSLKPDQVQHLAERFYPDSPAMQKVLSINRYTGIDTR
ASIGTSDHPLVNAKEAPSIAELHRTFMTDGVPLAVAASRKAISEAGIQLSDITHVVATTC
TDSANPGFDHFVLKELGVTHQVEKVLLHGVGCSGGLATLRTAANLALGHAARRKPARILC
VALEVSTTMVRSELDSVNQTQETRIGVTLFSDCGSAVILSNGLGQRTADPVYELLGWEHK
VIPDTDHDLGFDVDPVGWKVVLSPRVPKLAAQVLQPTFSELMRDVPDMGPKYREAADFDW
AMHPGGATILTGAEKAMSITPEHMRASYMTYMNHGNSSSATIFSVMDKLRSKGMDEMAPG
GRAKDFVVGCAFGPGITVEMCMLKRNLGITRPHDIQTPPDTDSEASASDVDATSEWASED
PKESVPDTPEPEMIEPVASHSRDEDFINEALSRVELD","Pesfi1|10058","Endophytes","4-fluorophenylacetyl-coa","0"
"48","DhelPKS","MASPNRFGQLGLSILGVGSQYPPHNLKPDAIDTLATRFYPDSPSMKKMRAINQFTGIDTR
SSIGNPDHPVVNFPGPPSIAQLHEVFMSAGVPLAVSAARKAIAEAKIDLNEITHVVSTTC
TDSANPGYDHFVCEKLGVSNQVERVLLHGVGCAGGLTALRTAANLALGHTFRGKPARILV
LALEVSTTMVRSELESIDKLQETRIGVCLFSDGASAVVLSNGLGKASGPPVYDYLGWDNR
IIPDTTSDLGFDVDPVGWKVILTPRVPKIAQGALQETFSDLMSSLSLPPPWDDAKPSDFD
WAMHPGGATILSGAEKALGLVPEHMRASYDTYINHGNSSSATIFSVLDRLRSKDMDACTP
DGRGPKDHIVGCAFGPGVAVEMCMLKRHFPPGAEGTGLQTPPETESEESSERSDDGEASV
RSDDLDVEDEAAAVHTRRADAGVDSFIAQAISSVELD","Diahe1|3921","Endophytes","4-fluorophenylacetyl-coa","0"
"49","FerePKS","MSPSAMHNKVTPPYHRPNLYVHGIGVEYPPYEIKPEHLATLARRFYPSTPALEKVLRINE
YTGIDSRSAIGNIDHPIANAPEPPTIAELCDVFLDHGVKLSIDACRKAVKQWGGDLSEIT
HVVATTCTNSANPGYDHYVIKGLGLNPSIEKILLHGVGCSGGLGALRTAANIALGSSFRR
KPARILVFACEISSTLVRSELDSIHKNQEVRIGVTLFSDCASAVVLGNGFSDRYDEEPIL
ELLGWDHKVIEDTEKDLGFDVDPLGWKVVLTQRVPKLASAAVPGMFEDLVGSIPELVDLG
KFKASDYDWALHPGGATVITGVERAMNLKPELLRASYEVYITHGNSSSATIFSVMNRLLE
GETKDHIVACAFGPGIAVEMMMLKRSNQGSDSGTESPTETLVAEDVD","Foner1|4724","Other","4-fluorophenylacetyl-coa","1"
"50","TtonPKS","MPASKCANSPLVAPGLFIVSLGSQYPPYLLNHEKLTCFAERFYDIRRPGLRKLLQINAST
GIETRSSIRCYETGFACDSVPPSIADLDELFRRDGVDLTVQACMKAMKEAGVLPEQITHT
VGVTCTNQGNPGYDLLVNEKLGLPERTSRILLHGVGCAGGLSIMRVASQVACGETMRKRP
ACILAYACELCTPNVRHDLAEAEQCTDLSKVNIAGALFSDAAAAFILCNRTALEGINASP
IFELIEWDYALIPDTMQHLTSYTDPYGFRSVLTKDIPTYARAAIGPMFHRLLPSYEEQVF
AADMQLGVVNFDWAVHPGGKALIDGIQETMQLTEDQLRASREIYRTRGNSSSPTILSVLD
RLRTYEKKRGHVVAASFGPGMAIEMVMLKRCEVAGGER",NA,"Other","4-fluorophenylacetyl-coa","1"
"51","AiizPKS","MAPNGSSPPGLYITGLGSQYPPYLLDPEKLEILAAQFYDVQRPGLRKLLRINRSSGIETR
SAIHTYDNGFATKSTAPSISELDQFYRQAGVDLAVQACEKALQDADVPPGKITHTIGVTC
TNQGNPGYDLLVNRKLGLPASVDRMLLHGVGCAGGLAIMRAAAQIACGGSARGKPVRILA
FACELCTPNVRHELAAAEEAADPADICIAGALFSDAAAAFVLCNEYAIVEDDARPVYELV
EWGNGLIPDTVEHMAFYADVDGYQTVLTREVPQYVKHAINPMFTSLLPSYQRLVQSVPDA
EDAQVGSQLGISDFDWALHPGGQAIIEGAKQVLELSEDQLHVSREIYRTRGNSASATVLI
VLDRLRSLGKREHVVATSFGPGLAIEMAMLRRCEIEKD","Aspiiz1|328085","Aspergillus","3-fluorobenzoyl-coa","1"
"52","AthePKS","MTTQPALCITGLGHQYPPYLMTPDKFDQLAARFHDTERPGLKKLIQINHTTGIESRASIL
PYTTGFATQSIPPTITEINHFFRSAGVDLAVSACKKALRDARTPPAKITHTVAVTATNQG
CPGYDLLVAKKLGLRLSSSSARPALDRTLLSGVGCAGGLSVLRTAAQLACGASARGKPAR
ILAYACELCMPNGRHDLAEVAREGDPDGISIVAALFSDAAGAVVLCNEVALAEDREGGAD
PDSEDEDEEAVRPVYRLLQWGHDVIPDTIEHMGFTTEGDGYHTTLTRAVPEHVKKAIGPI
FSTLLPSYQQQLQSCTPETINKADQQLTIHDFEFALHPGGEAIIDGAKEVLGLTEDQIKV
TRETYRTKGNSSSPTVLILLDKLRSEANRKRENVVAASFGPGMTIEMAMLRRCEDDE","Aspth1|366720","Aspergillus","3-fluorobenzoyl-coa","0"
"53","AastPKS","MGNSLSSSPSPGQSPQPEIQLRGDEAIITGIATEWPSRLIGPEELNKYALKFYPENPPWL
QKLLMLNTKTGIETRAVIDLWDDPRWLGDQPPTAEEVDAAFREYGVELAKKAALKALRES
NIDPSSVTHMVSVTATNAGAPGYDQLVARDLGLPDRTERVLLSGVGCAGGCASLRLASAL
ADAATHRKKAARILIVACELCSIQIRSELHAASQSPITRIGPVIFSDGAAALVVCNSLGM
SDKTPKQFAIVDDKSVTTSETQEEMSVKVSTYGFLATFSKKIPELAIGSMKAPLQSLLQS
NGMSSASPTDFYWALHPGGRAIIEGVQAAFNLPEDSLSASYEIYKTRGNSSSVSILAVLE
KVREKKLQTPNVVACSFGTGIRTEIALLRRMA","Aspaste1|20971","Aspergillus","3-fluorobenzoyl-coa","1"
"54","XacuPKS1","MGANWSSPGETENHDGSRQEMSDRLTITGLGSEWPDLLVGPKHLQEYAESIYPADAPWLQ
KLLTVNAQTGVQTRAVLECWNDPMWRGPVPPTIEQVHEAFDKYAPPLTAGAARRALNESG
IAASAVTHMVSVTATNCKCPGYDHLVAKELGISGDAERSLISGSGCAGGLAALRVANSMA
CAASLRGRPARILVVACELSSINLRAELEAAHKSGKLRIGAALFSDGAAAVVLCNDLALT
EKTPRLFTIADWCQNVAAETYDEVSVTTVSQGFLVYLSRTLPKHAAAAVHRPLQRLFGQK
DLPSPTECDWALHAGGAAIIQGVAKSVGIPDHQLRATSAVYSTRGNTASVTVLAVLDKLR
TMGPGTEDVVMCSFGPGLTVEMARLKRHC","Xylacu1|452307","Endophytes","3-fluorobenzoyl-coa","0"
"55","HargPKS1",">CDS_3939
MGATWSSTEEIDNADGSKQEFSDRLTITGLGSEWPKLLVGAEQLREYAESIYPADAPWLQ
KLLMVNAQTGVKTRAVLECWNDPMWRGPVPPTIEQVHEAFDKYAPPLTAGAARRALSESG
IAASAITHMVSVTATNCKCPGYDHLVAKELGISGDAERSLIAGSGCAGGLAALRVANSMA
NGATLRGRPARILVVACELSSINLRAELEAANQSGKLRIGGALFSDGAAAVVLCNDLALT
EKMPRLFTIADWCQNVAAETYDEVSVTTVSQGFLVYLSRTLPKHAAAAVHRPLERLFGKK
DLPSPKECDWALHAGGAAIIQGVQKSVGIPDHQLRATSAVYSTRGNTASVTVLAVLDKLR
TMGPGTDDVVMCSFGPGLTVEMARLKRHC","Hyparg1|454749","Endophytes","3-fluorobenzoyl-coa","0"
"56","HypPKS",">CDS_6803
MASTNTFGELGLSIVGLGAQYPPNSLKPDELHKLATKyPDSPAMQKVLDINKYTGIETR
SSIGTSDHPVVNQPDAPSIAELHKVFISDGVPLAIEASRKAILEAGIDLSEITHIVSTTC
TDSANPGFDHFVAKGLGVTHSVEKVLLHGVGCAGGLAVLRTAANLALGHAMRRKPARILC
VTLEVSTTMVRSELNSINELQETRIGAALFSDCASALILSNGIGRPTAAPVYELLGWDHK
ILPESELDLGFDVDPVGWKVVLSPRVPKLATEILKPSFLELLESVPGLPAEYREAPDFDW
AMHPGGLTILTGAEKMMGISPEHMRASYDRYMNHGNSSSATIFSVMDRLRSKDMDAIAPG
GRPRDFVVGCAFGPGIAVEMCMLKRNMGRLGIQTPPETDSEASRSEAGTPGSEKTQGEQR
PTLGDEMFINEALANVELD","HyNC0597_1|672645","Endophytes","3-fluorobenzoyl-coa","0"
"57","PficPKS","METTNAFGELGLSIIGIASQYPPHSLKPDQVQHLAERFYPDSPAMQKVLSINRYTGIDTR
ASIGTSDHPLVNAKEAPSIAELHRTFMTDGVPLAVAASRKAISEAGIQLSDITHVVATTC
TDSANPGFDHFVLKELGVTHQVEKVLLHGVGCSGGLATLRTAANLALGHAARRKPARILC
VALEVSTTMVRSELDSVNQTQETRIGVTLFSDCGSAVILSNGLGQRTADPVYELLGWEHK
VIPDTDHDLGFDVDPVGWKVVLSPRVPKLAAQVLQPTFSELMRDVPDMGPKYREAADFDW
AMHPGGATILTGAEKAMSITPEHMRASYMTYMNHGNSSSATIFSVMDKLRSKGMDEMAPG
GRAKDFVVGCAFGPGITVEMCMLKRNLGITRPHDIQTPPDTDSEASASDVDATSEWASED
PKESVPDTPEPEMIEPVASHSRDEDFINEALSRVELD","Pesfi1|10058","Endophytes","3-fluorobenzoyl-coa","0"
"58","DhelPKS","MASPNRFGQLGLSILGVGSQYPPHNLKPDAIDTLATRFYPDSPSMKKMRAINQFTGIDTR
SSIGNPDHPVVNFPGPPSIAQLHEVFMSAGVPLAVSAARKAIAEAKIDLNEITHVVSTTC
TDSANPGYDHFVCEKLGVSNQVERVLLHGVGCAGGLTALRTAANLALGHTFRGKPARILV
LALEVSTTMVRSELESIDKLQETRIGVCLFSDGASAVVLSNGLGKASGPPVYDYLGWDNR
IIPDTTSDLGFDVDPVGWKVILTPRVPKIAQGALQETFSDLMSSLSLPPPWDDAKPSDFD
WAMHPGGATILSGAEKALGLVPEHMRASYDTYINHGNSSSATIFSVLDRLRSKDMDACTP
DGRGPKDHIVGCAFGPGVAVEMCMLKRHFPPGAEGTGLQTPPETESEESSERSDDGEASV
RSDDLDVEDEAAAVHTRRADAGVDSFIAQAISSVELD","Diahe1|3921","Endophytes","3-fluorobenzoyl-coa","0"
"59","FerePKS","MSPSAMHNKVTPPYHRPNLYVHGIGVEYPPYEIKPEHLATLARRFYPSTPALEKVLRINE
YTGIDSRSAIGNIDHPIANAPEPPTIAELCDVFLDHGVKLSIDACRKAVKQWGGDLSEIT
HVVATTCTNSANPGYDHYVIKGLGLNPSIEKILLHGVGCSGGLGALRTAANIALGSSFRR
KPARILVFACEISSTLVRSELDSIHKNQEVRIGVTLFSDCASAVVLGNGFSDRYDEEPIL
ELLGWDHKVIEDTEKDLGFDVDPLGWKVVLTQRVPKLASAAVPGMFEDLVGSIPELVDLG
KFKASDYDWALHPGGATVITGVERAMNLKPELLRASYEVYITHGNSSSATIFSVMNRLLE
GETKDHIVACAFGPGIAVEMMMLKRSNQGSDSGTESPTETLVAEDVD","Foner1|4724","Other","3-fluorobenzoyl-coa","1"
"60","TtonPKS","MPASKCANSPLVAPGLFIVSLGSQYPPYLLNHEKLTCFAERFYDIRRPGLRKLLQINAST
GIETRSSIRCYETGFACDSVPPSIADLDELFRRDGVDLTVQACMKAMKEAGVLPEQITHT
VGVTCTNQGNPGYDLLVNEKLGLPERTSRILLHGVGCAGGLSIMRVASQVACGETMRKRP
ACILAYACELCTPNVRHDLAEAEQCTDLSKVNIAGALFSDAAAAFILCNRTALEGINASP
IFELIEWDYALIPDTMQHLTSYTDPYGFRSVLTKDIPTYARAAIGPMFHRLLPSYEEQVF
AADMQLGVVNFDWAVHPGGKALIDGIQETMQLTEDQLRASREIYRTRGNSSSPTILSVLD
RLRTYEKKRGHVVAASFGPGMAIEMVMLKRCEVAGGER",NA,"Other","3-fluorobenzoyl-coa","1"
"61","AiizPKS","MAPNGSSPPGLYITGLGSQYPPYLLDPEKLEILAAQFYDVQRPGLRKLLRINRSSGIETR
SAIHTYDNGFATKSTAPSISELDQFYRQAGVDLAVQACEKALQDADVPPGKITHTIGVTC
TNQGNPGYDLLVNRKLGLPASVDRMLLHGVGCAGGLAIMRAAAQIACGGSARGKPVRILA
FACELCTPNVRHELAAAEEAADPADICIAGALFSDAAAAFVLCNEYAIVEDDARPVYELV
EWGNGLIPDTVEHMAFYADVDGYQTVLTREVPQYVKHAINPMFTSLLPSYQRLVQSVPDA
EDAQVGSQLGISDFDWALHPGGQAIIEGAKQVLELSEDQLHVSREIYRTRGNSASATVLI
VLDRLRSLGKREHVVATSFGPGLAIEMAMLRRCEIEKD","Aspiiz1|328085","Aspergillus","thiazole-4-carboxylyl-coa","1"
"62","AthePKS","MTTQPALCITGLGHQYPPYLMTPDKFDQLAARFHDTERPGLKKLIQINHTTGIESRASIL
PYTTGFATQSIPPTITEINHFFRSAGVDLAVSACKKALRDARTPPAKITHTVAVTATNQG
CPGYDLLVAKKLGLRLSSSSARPALDRTLLSGVGCAGGLSVLRTAAQLACGASARGKPAR
ILAYACELCMPNGRHDLAEVAREGDPDGISIVAALFSDAAGAVVLCNEVALAEDREGGAD
PDSEDEDEEAVRPVYRLLQWGHDVIPDTIEHMGFTTEGDGYHTTLTRAVPEHVKKAIGPI
FSTLLPSYQQQLQSCTPETINKADQQLTIHDFEFALHPGGEAIIDGAKEVLGLTEDQIKV
TRETYRTKGNSSSPTVLILLDKLRSEANRKRENVVAASFGPGMTIEMAMLRRCEDDE","Aspth1|366720","Aspergillus","thiazole-4-carboxylyl-coa","0"
"63","AastPKS","MGNSLSSSPSPGQSPQPEIQLRGDEAIITGIATEWPSRLIGPEELNKYALKFYPENPPWL
QKLLMLNTKTGIETRAVIDLWDDPRWLGDQPPTAEEVDAAFREYGVELAKKAALKALRES
NIDPSSVTHMVSVTATNAGAPGYDQLVARDLGLPDRTERVLLSGVGCAGGCASLRLASAL
ADAATHRKKAARILIVACELCSIQIRSELHAASQSPITRIGPVIFSDGAAALVVCNSLGM
SDKTPKQFAIVDDKSVTTSETQEEMSVKVSTYGFLATFSKKIPELAIGSMKAPLQSLLQS
NGMSSASPTDFYWALHPGGRAIIEGVQAAFNLPEDSLSASYEIYKTRGNSSSVSILAVLE
KVREKKLQTPNVVACSFGTGIRTEIALLRRMA","Aspaste1|20971","Aspergillus","thiazole-4-carboxylyl-coa","0"
"64","XacuPKS1","MGANWSSPGETENHDGSRQEMSDRLTITGLGSEWPDLLVGPKHLQEYAESIYPADAPWLQ
KLLTVNAQTGVQTRAVLECWNDPMWRGPVPPTIEQVHEAFDKYAPPLTAGAARRALNESG
IAASAVTHMVSVTATNCKCPGYDHLVAKELGISGDAERSLISGSGCAGGLAALRVANSMA
CAASLRGRPARILVVACELSSINLRAELEAAHKSGKLRIGAALFSDGAAAVVLCNDLALT
EKTPRLFTIADWCQNVAAETYDEVSVTTVSQGFLVYLSRTLPKHAAAAVHRPLQRLFGQK
DLPSPTECDWALHAGGAAIIQGVAKSVGIPDHQLRATSAVYSTRGNTASVTVLAVLDKLR
TMGPGTEDVVMCSFGPGLTVEMARLKRHC","Xylacu1|452307","Endophytes","thiazole-4-carboxylyl-coa","0"
"65","HargPKS1",">CDS_3939
MGATWSSTEEIDNADGSKQEFSDRLTITGLGSEWPKLLVGAEQLREYAESIYPADAPWLQ
KLLMVNAQTGVKTRAVLECWNDPMWRGPVPPTIEQVHEAFDKYAPPLTAGAARRALSESG
IAASAITHMVSVTATNCKCPGYDHLVAKELGISGDAERSLIAGSGCAGGLAALRVANSMA
NGATLRGRPARILVVACELSSINLRAELEAANQSGKLRIGGALFSDGAAAVVLCNDLALT
EKMPRLFTIADWCQNVAAETYDEVSVTTVSQGFLVYLSRTLPKHAAAAVHRPLERLFGKK
DLPSPKECDWALHAGGAAIIQGVQKSVGIPDHQLRATSAVYSTRGNTASVTVLAVLDKLR
TMGPGTDDVVMCSFGPGLTVEMARLKRHC","Hyparg1|454749","Endophytes","thiazole-4-carboxylyl-coa","0"
"66","HypPKS",">CDS_6803
MASTNTFGELGLSIVGLGAQYPPNSLKPDELHKLATKyPDSPAMQKVLDINKYTGIETR
SSIGTSDHPVVNQPDAPSIAELHKVFISDGVPLAIEASRKAILEAGIDLSEITHIVSTTC
TDSANPGFDHFVAKGLGVTHSVEKVLLHGVGCAGGLAVLRTAANLALGHAMRRKPARILC
VTLEVSTTMVRSELNSINELQETRIGAALFSDCASALILSNGIGRPTAAPVYELLGWDHK
ILPESELDLGFDVDPVGWKVVLSPRVPKLATEILKPSFLELLESVPGLPAEYREAPDFDW
AMHPGGLTILTGAEKMMGISPEHMRASYDRYMNHGNSSSATIFSVMDRLRSKDMDAIAPG
GRPRDFVVGCAFGPGIAVEMCMLKRNMGRLGIQTPPETDSEASRSEAGTPGSEKTQGEQR
PTLGDEMFINEALANVELD","HyNC0597_1|672645","Endophytes","thiazole-4-carboxylyl-coa","0"
"67","PficPKS","METTNAFGELGLSIIGIASQYPPHSLKPDQVQHLAERFYPDSPAMQKVLSINRYTGIDTR
ASIGTSDHPLVNAKEAPSIAELHRTFMTDGVPLAVAASRKAISEAGIQLSDITHVVATTC
TDSANPGFDHFVLKELGVTHQVEKVLLHGVGCSGGLATLRTAANLALGHAARRKPARILC
VALEVSTTMVRSELDSVNQTQETRIGVTLFSDCGSAVILSNGLGQRTADPVYELLGWEHK
VIPDTDHDLGFDVDPVGWKVVLSPRVPKLAAQVLQPTFSELMRDVPDMGPKYREAADFDW
AMHPGGATILTGAEKAMSITPEHMRASYMTYMNHGNSSSATIFSVMDKLRSKGMDEMAPG
GRAKDFVVGCAFGPGITVEMCMLKRNLGITRPHDIQTPPDTDSEASASDVDATSEWASED
PKESVPDTPEPEMIEPVASHSRDEDFINEALSRVELD","Pesfi1|10058","Endophytes","thiazole-4-carboxylyl-coa","0"
"68","DhelPKS","MASPNRFGQLGLSILGVGSQYPPHNLKPDAIDTLATRFYPDSPSMKKMRAINQFTGIDTR
SSIGNPDHPVVNFPGPPSIAQLHEVFMSAGVPLAVSAARKAIAEAKIDLNEITHVVSTTC
TDSANPGYDHFVCEKLGVSNQVERVLLHGVGCAGGLTALRTAANLALGHTFRGKPARILV
LALEVSTTMVRSELESIDKLQETRIGVCLFSDGASAVVLSNGLGKASGPPVYDYLGWDNR
IIPDTTSDLGFDVDPVGWKVILTPRVPKIAQGALQETFSDLMSSLSLPPPWDDAKPSDFD
WAMHPGGATILSGAEKALGLVPEHMRASYDTYINHGNSSSATIFSVLDRLRSKDMDACTP
DGRGPKDHIVGCAFGPGVAVEMCMLKRHFPPGAEGTGLQTPPETESEESSERSDDGEASV
RSDDLDVEDEAAAVHTRRADAGVDSFIAQAISSVELD","Diahe1|3921","Endophytes","thiazole-4-carboxylyl-coa","0"
"69","FerePKS","MSPSAMHNKVTPPYHRPNLYVHGIGVEYPPYEIKPEHLATLARRFYPSTPALEKVLRINE
YTGIDSRSAIGNIDHPIANAPEPPTIAELCDVFLDHGVKLSIDACRKAVKQWGGDLSEIT
HVVATTCTNSANPGYDHYVIKGLGLNPSIEKILLHGVGCSGGLGALRTAANIALGSSFRR
KPARILVFACEISSTLVRSELDSIHKNQEVRIGVTLFSDCASAVVLGNGFSDRYDEEPIL
ELLGWDHKVIEDTEKDLGFDVDPLGWKVVLTQRVPKLASAAVPGMFEDLVGSIPELVDLG
KFKASDYDWALHPGGATVITGVERAMNLKPELLRASYEVYITHGNSSSATIFSVMNRLLE
GETKDHIVACAFGPGIAVEMMMLKRSNQGSDSGTESPTETLVAEDVD","Foner1|4724","Other","thiazole-4-carboxylyl-coa","1"
"70","TtonPKS","MPASKCANSPLVAPGLFIVSLGSQYPPYLLNHEKLTCFAERFYDIRRPGLRKLLQINAST
GIETRSSIRCYETGFACDSVPPSIADLDELFRRDGVDLTVQACMKAMKEAGVLPEQITHT
VGVTCTNQGNPGYDLLVNEKLGLPERTSRILLHGVGCAGGLSIMRVASQVACGETMRKRP
ACILAYACELCTPNVRHDLAEAEQCTDLSKVNIAGALFSDAAAAFILCNRTALEGINASP
IFELIEWDYALIPDTMQHLTSYTDPYGFRSVLTKDIPTYARAAIGPMFHRLLPSYEEQVF
AADMQLGVVNFDWAVHPGGKALIDGIQETMQLTEDQLRASREIYRTRGNSSSPTILSVLD
RLRTYEKKRGHVVAASFGPGMAIEMVMLKRCEVAGGER",NA,"Other","thiazole-4-carboxylyl-coa","1"
"71","AiizPKS","MAPNGSSPPGLYITGLGSQYPPYLLDPEKLEILAAQFYDVQRPGLRKLLRINRSSGIETR
SAIHTYDNGFATKSTAPSISELDQFYRQAGVDLAVQACEKALQDADVPPGKITHTIGVTC
TNQGNPGYDLLVNRKLGLPASVDRMLLHGVGCAGGLAIMRAAAQIACGGSARGKPVRILA
FACELCTPNVRHELAAAEEAADPADICIAGALFSDAAAAFVLCNEYAIVEDDARPVYELV
EWGNGLIPDTVEHMAFYADVDGYQTVLTREVPQYVKHAINPMFTSLLPSYQRLVQSVPDA
EDAQVGSQLGISDFDWALHPGGQAIIEGAKQVLELSEDQLHVSREIYRTRGNSASATVLI
VLDRLRSLGKREHVVATSFGPGLAIEMAMLRRCEIEKD","Aspiiz1|328085","Aspergillus","4-pentynoyl-coa","1"
"72","AthePKS","MTTQPALCITGLGHQYPPYLMTPDKFDQLAARFHDTERPGLKKLIQINHTTGIESRASIL
PYTTGFATQSIPPTITEINHFFRSAGVDLAVSACKKALRDARTPPAKITHTVAVTATNQG
CPGYDLLVAKKLGLRLSSSSARPALDRTLLSGVGCAGGLSVLRTAAQLACGASARGKPAR
ILAYACELCMPNGRHDLAEVAREGDPDGISIVAALFSDAAGAVVLCNEVALAEDREGGAD
PDSEDEDEEAVRPVYRLLQWGHDVIPDTIEHMGFTTEGDGYHTTLTRAVPEHVKKAIGPI
FSTLLPSYQQQLQSCTPETINKADQQLTIHDFEFALHPGGEAIIDGAKEVLGLTEDQIKV
TRETYRTKGNSSSPTVLILLDKLRSEANRKRENVVAASFGPGMTIEMAMLRRCEDDE","Aspth1|366720","Aspergillus","4-pentynoyl-coa","0"
"73","AastPKS","MGNSLSSSPSPGQSPQPEIQLRGDEAIITGIATEWPSRLIGPEELNKYALKFYPENPPWL
QKLLMLNTKTGIETRAVIDLWDDPRWLGDQPPTAEEVDAAFREYGVELAKKAALKALRES
NIDPSSVTHMVSVTATNAGAPGYDQLVARDLGLPDRTERVLLSGVGCAGGCASLRLASAL
ADAATHRKKAARILIVACELCSIQIRSELHAASQSPITRIGPVIFSDGAAALVVCNSLGM
SDKTPKQFAIVDDKSVTTSETQEEMSVKVSTYGFLATFSKKIPELAIGSMKAPLQSLLQS
NGMSSASPTDFYWALHPGGRAIIEGVQAAFNLPEDSLSASYEIYKTRGNSSSVSILAVLE
KVREKKLQTPNVVACSFGTGIRTEIALLRRMA","Aspaste1|20971","Aspergillus","4-pentynoyl-coa","1"
"74","XacuPKS1","MGANWSSPGETENHDGSRQEMSDRLTITGLGSEWPDLLVGPKHLQEYAESIYPADAPWLQ
KLLTVNAQTGVQTRAVLECWNDPMWRGPVPPTIEQVHEAFDKYAPPLTAGAARRALNESG
IAASAVTHMVSVTATNCKCPGYDHLVAKELGISGDAERSLISGSGCAGGLAALRVANSMA
CAASLRGRPARILVVACELSSINLRAELEAAHKSGKLRIGAALFSDGAAAVVLCNDLALT
EKTPRLFTIADWCQNVAAETYDEVSVTTVSQGFLVYLSRTLPKHAAAAVHRPLQRLFGQK
DLPSPTECDWALHAGGAAIIQGVAKSVGIPDHQLRATSAVYSTRGNTASVTVLAVLDKLR
TMGPGTEDVVMCSFGPGLTVEMARLKRHC","Xylacu1|452307","Endophytes","4-pentynoyl-coa","1"
"75","HargPKS1",">CDS_3939
MGATWSSTEEIDNADGSKQEFSDRLTITGLGSEWPKLLVGAEQLREYAESIYPADAPWLQ
KLLMVNAQTGVKTRAVLECWNDPMWRGPVPPTIEQVHEAFDKYAPPLTAGAARRALSESG
IAASAITHMVSVTATNCKCPGYDHLVAKELGISGDAERSLIAGSGCAGGLAALRVANSMA
NGATLRGRPARILVVACELSSINLRAELEAANQSGKLRIGGALFSDGAAAVVLCNDLALT
EKMPRLFTIADWCQNVAAETYDEVSVTTVSQGFLVYLSRTLPKHAAAAVHRPLERLFGKK
DLPSPKECDWALHAGGAAIIQGVQKSVGIPDHQLRATSAVYSTRGNTASVTVLAVLDKLR
TMGPGTDDVVMCSFGPGLTVEMARLKRHC","Hyparg1|454749","Endophytes","4-pentynoyl-coa","1"
"76","HypPKS",">CDS_6803
MASTNTFGELGLSIVGLGAQYPPNSLKPDELHKLATKyPDSPAMQKVLDINKYTGIETR
SSIGTSDHPVVNQPDAPSIAELHKVFISDGVPLAIEASRKAILEAGIDLSEITHIVSTTC
TDSANPGFDHFVAKGLGVTHSVEKVLLHGVGCAGGLAVLRTAANLALGHAMRRKPARILC
VTLEVSTTMVRSELNSINELQETRIGAALFSDCASALILSNGIGRPTAAPVYELLGWDHK
ILPESELDLGFDVDPVGWKVVLSPRVPKLATEILKPSFLELLESVPGLPAEYREAPDFDW
AMHPGGLTILTGAEKMMGISPEHMRASYDRYMNHGNSSSATIFSVMDRLRSKDMDAIAPG
GRPRDFVVGCAFGPGIAVEMCMLKRNMGRLGIQTPPETDSEASRSEAGTPGSEKTQGEQR
PTLGDEMFINEALANVELD","HyNC0597_1|672645","Endophytes","4-pentynoyl-coa","1"
"77","PficPKS","METTNAFGELGLSIIGIASQYPPHSLKPDQVQHLAERFYPDSPAMQKVLSINRYTGIDTR
ASIGTSDHPLVNAKEAPSIAELHRTFMTDGVPLAVAASRKAISEAGIQLSDITHVVATTC
TDSANPGFDHFVLKELGVTHQVEKVLLHGVGCSGGLATLRTAANLALGHAARRKPARILC
VALEVSTTMVRSELDSVNQTQETRIGVTLFSDCGSAVILSNGLGQRTADPVYELLGWEHK
VIPDTDHDLGFDVDPVGWKVVLSPRVPKLAAQVLQPTFSELMRDVPDMGPKYREAADFDW
AMHPGGATILTGAEKAMSITPEHMRASYMTYMNHGNSSSATIFSVMDKLRSKGMDEMAPG
GRAKDFVVGCAFGPGITVEMCMLKRNLGITRPHDIQTPPDTDSEASASDVDATSEWASED
PKESVPDTPEPEMIEPVASHSRDEDFINEALSRVELD","Pesfi1|10058","Endophytes","4-pentynoyl-coa","1"
"78","DhelPKS","MASPNRFGQLGLSILGVGSQYPPHNLKPDAIDTLATRFYPDSPSMKKMRAINQFTGIDTR
SSIGNPDHPVVNFPGPPSIAQLHEVFMSAGVPLAVSAARKAIAEAKIDLNEITHVVSTTC
TDSANPGYDHFVCEKLGVSNQVERVLLHGVGCAGGLTALRTAANLALGHTFRGKPARILV
LALEVSTTMVRSELESIDKLQETRIGVCLFSDGASAVVLSNGLGKASGPPVYDYLGWDNR
IIPDTTSDLGFDVDPVGWKVILTPRVPKIAQGALQETFSDLMSSLSLPPPWDDAKPSDFD
WAMHPGGATILSGAEKALGLVPEHMRASYDTYINHGNSSSATIFSVLDRLRSKDMDACTP
DGRGPKDHIVGCAFGPGVAVEMCMLKRHFPPGAEGTGLQTPPETESEESSERSDDGEASV
RSDDLDVEDEAAAVHTRRADAGVDSFIAQAISSVELD","Diahe1|3921","Endophytes","4-pentynoyl-coa","1"
"79","FerePKS","MSPSAMHNKVTPPYHRPNLYVHGIGVEYPPYEIKPEHLATLARRFYPSTPALEKVLRINE
YTGIDSRSAIGNIDHPIANAPEPPTIAELCDVFLDHGVKLSIDACRKAVKQWGGDLSEIT
HVVATTCTNSANPGYDHYVIKGLGLNPSIEKILLHGVGCSGGLGALRTAANIALGSSFRR
KPARILVFACEISSTLVRSELDSIHKNQEVRIGVTLFSDCASAVVLGNGFSDRYDEEPIL
ELLGWDHKVIEDTEKDLGFDVDPLGWKVVLTQRVPKLASAAVPGMFEDLVGSIPELVDLG
KFKASDYDWALHPGGATVITGVERAMNLKPELLRASYEVYITHGNSSSATIFSVMNRLLE
GETKDHIVACAFGPGIAVEMMMLKRSNQGSDSGTESPTETLVAEDVD","Foner1|4724","Other","4-pentynoyl-coa","1"
"80","TtonPKS","MPASKCANSPLVAPGLFIVSLGSQYPPYLLNHEKLTCFAERFYDIRRPGLRKLLQINAST
GIETRSSIRCYETGFACDSVPPSIADLDELFRRDGVDLTVQACMKAMKEAGVLPEQITHT
VGVTCTNQGNPGYDLLVNEKLGLPERTSRILLHGVGCAGGLSIMRVASQVACGETMRKRP
ACILAYACELCTPNVRHDLAEAEQCTDLSKVNIAGALFSDAAAAFILCNRTALEGINASP
IFELIEWDYALIPDTMQHLTSYTDPYGFRSVLTKDIPTYARAAIGPMFHRLLPSYEEQVF
AADMQLGVVNFDWAVHPGGKALIDGIQETMQLTEDQLRASREIYRTRGNSSSPTILSVLD
RLRTYEKKRGHVVAASFGPGMAIEMVMLKRCEVAGGER",NA,"Other","4-pentynoyl-coa","1"
"81","AiizPKS","MAPNGSSPPGLYITGLGSQYPPYLLDPEKLEILAAQFYDVQRPGLRKLLRINRSSGIETR
SAIHTYDNGFATKSTAPSISELDQFYRQAGVDLAVQACEKALQDADVPPGKITHTIGVTC
TNQGNPGYDLLVNRKLGLPASVDRMLLHGVGCAGGLAIMRAAAQIACGGSARGKPVRILA
FACELCTPNVRHELAAAEEAADPADICIAGALFSDAAAAFVLCNEYAIVEDDARPVYELV
EWGNGLIPDTVEHMAFYADVDGYQTVLTREVPQYVKHAINPMFTSLLPSYQRLVQSVPDA
EDAQVGSQLGISDFDWALHPGGQAIIEGAKQVLELSEDQLHVSREIYRTRGNSASATVLI
VLDRLRSLGKREHVVATSFGPGLAIEMAMLRRCEIEKD","Aspiiz1|328085","Aspergillus","2-amino-5-chlorobenzoyl-coa","1"
"82","AthePKS","MTTQPALCITGLGHQYPPYLMTPDKFDQLAARFHDTERPGLKKLIQINHTTGIESRASIL
PYTTGFATQSIPPTITEINHFFRSAGVDLAVSACKKALRDARTPPAKITHTVAVTATNQG
CPGYDLLVAKKLGLRLSSSSARPALDRTLLSGVGCAGGLSVLRTAAQLACGASARGKPAR
ILAYACELCMPNGRHDLAEVAREGDPDGISIVAALFSDAAGAVVLCNEVALAEDREGGAD
PDSEDEDEEAVRPVYRLLQWGHDVIPDTIEHMGFTTEGDGYHTTLTRAVPEHVKKAIGPI
FSTLLPSYQQQLQSCTPETINKADQQLTIHDFEFALHPGGEAIIDGAKEVLGLTEDQIKV
TRETYRTKGNSSSPTVLILLDKLRSEANRKRENVVAASFGPGMTIEMAMLRRCEDDE","Aspth1|366720","Aspergillus","2-amino-5-chlorobenzoyl-coa","1"
"83","AastPKS","MGNSLSSSPSPGQSPQPEIQLRGDEAIITGIATEWPSRLIGPEELNKYALKFYPENPPWL
QKLLMLNTKTGIETRAVIDLWDDPRWLGDQPPTAEEVDAAFREYGVELAKKAALKALRES
NIDPSSVTHMVSVTATNAGAPGYDQLVARDLGLPDRTERVLLSGVGCAGGCASLRLASAL
ADAATHRKKAARILIVACELCSIQIRSELHAASQSPITRIGPVIFSDGAAALVVCNSLGM
SDKTPKQFAIVDDKSVTTSETQEEMSVKVSTYGFLATFSKKIPELAIGSMKAPLQSLLQS
NGMSSASPTDFYWALHPGGRAIIEGVQAAFNLPEDSLSASYEIYKTRGNSSSVSILAVLE
KVREKKLQTPNVVACSFGTGIRTEIALLRRMA","Aspaste1|20971","Aspergillus","2-amino-5-chlorobenzoyl-coa","1"
"84","XacuPKS1","MGANWSSPGETENHDGSRQEMSDRLTITGLGSEWPDLLVGPKHLQEYAESIYPADAPWLQ
KLLTVNAQTGVQTRAVLECWNDPMWRGPVPPTIEQVHEAFDKYAPPLTAGAARRALNESG
IAASAVTHMVSVTATNCKCPGYDHLVAKELGISGDAERSLISGSGCAGGLAALRVANSMA
CAASLRGRPARILVVACELSSINLRAELEAAHKSGKLRIGAALFSDGAAAVVLCNDLALT
EKTPRLFTIADWCQNVAAETYDEVSVTTVSQGFLVYLSRTLPKHAAAAVHRPLQRLFGQK
DLPSPTECDWALHAGGAAIIQGVAKSVGIPDHQLRATSAVYSTRGNTASVTVLAVLDKLR
TMGPGTEDVVMCSFGPGLTVEMARLKRHC","Xylacu1|452307","Endophytes","2-amino-5-chlorobenzoyl-coa","0"
"85","HargPKS1",">CDS_3939
MGATWSSTEEIDNADGSKQEFSDRLTITGLGSEWPKLLVGAEQLREYAESIYPADAPWLQ
KLLMVNAQTGVKTRAVLECWNDPMWRGPVPPTIEQVHEAFDKYAPPLTAGAARRALSESG
IAASAITHMVSVTATNCKCPGYDHLVAKELGISGDAERSLIAGSGCAGGLAALRVANSMA
NGATLRGRPARILVVACELSSINLRAELEAANQSGKLRIGGALFSDGAAAVVLCNDLALT
EKMPRLFTIADWCQNVAAETYDEVSVTTVSQGFLVYLSRTLPKHAAAAVHRPLERLFGKK
DLPSPKECDWALHAGGAAIIQGVQKSVGIPDHQLRATSAVYSTRGNTASVTVLAVLDKLR
TMGPGTDDVVMCSFGPGLTVEMARLKRHC","Hyparg1|454749","Endophytes","2-amino-5-chlorobenzoyl-coa","0"
"86","HypPKS",">CDS_6803
MASTNTFGELGLSIVGLGAQYPPNSLKPDELHKLATKyPDSPAMQKVLDINKYTGIETR
SSIGTSDHPVVNQPDAPSIAELHKVFISDGVPLAIEASRKAILEAGIDLSEITHIVSTTC
TDSANPGFDHFVAKGLGVTHSVEKVLLHGVGCAGGLAVLRTAANLALGHAMRRKPARILC
VTLEVSTTMVRSELNSINELQETRIGAALFSDCASALILSNGIGRPTAAPVYELLGWDHK
ILPESELDLGFDVDPVGWKVVLSPRVPKLATEILKPSFLELLESVPGLPAEYREAPDFDW
AMHPGGLTILTGAEKMMGISPEHMRASYDRYMNHGNSSSATIFSVMDRLRSKDMDAIAPG
GRPRDFVVGCAFGPGIAVEMCMLKRNMGRLGIQTPPETDSEASRSEAGTPGSEKTQGEQR
PTLGDEMFINEALANVELD","HyNC0597_1|672645","Endophytes","2-amino-5-chlorobenzoyl-coa","0"
"87","PficPKS","METTNAFGELGLSIIGIASQYPPHSLKPDQVQHLAERFYPDSPAMQKVLSINRYTGIDTR
ASIGTSDHPLVNAKEAPSIAELHRTFMTDGVPLAVAASRKAISEAGIQLSDITHVVATTC
TDSANPGFDHFVLKELGVTHQVEKVLLHGVGCSGGLATLRTAANLALGHAARRKPARILC
VALEVSTTMVRSELDSVNQTQETRIGVTLFSDCGSAVILSNGLGQRTADPVYELLGWEHK
VIPDTDHDLGFDVDPVGWKVVLSPRVPKLAAQVLQPTFSELMRDVPDMGPKYREAADFDW
AMHPGGATILTGAEKAMSITPEHMRASYMTYMNHGNSSSATIFSVMDKLRSKGMDEMAPG
GRAKDFVVGCAFGPGITVEMCMLKRNLGITRPHDIQTPPDTDSEASASDVDATSEWASED
PKESVPDTPEPEMIEPVASHSRDEDFINEALSRVELD","Pesfi1|10058","Endophytes","2-amino-5-chlorobenzoyl-coa","1"
"88","DhelPKS","MASPNRFGQLGLSILGVGSQYPPHNLKPDAIDTLATRFYPDSPSMKKMRAINQFTGIDTR
SSIGNPDHPVVNFPGPPSIAQLHEVFMSAGVPLAVSAARKAIAEAKIDLNEITHVVSTTC
TDSANPGYDHFVCEKLGVSNQVERVLLHGVGCAGGLTALRTAANLALGHTFRGKPARILV
LALEVSTTMVRSELESIDKLQETRIGVCLFSDGASAVVLSNGLGKASGPPVYDYLGWDNR
IIPDTTSDLGFDVDPVGWKVILTPRVPKIAQGALQETFSDLMSSLSLPPPWDDAKPSDFD
WAMHPGGATILSGAEKALGLVPEHMRASYDTYINHGNSSSATIFSVLDRLRSKDMDACTP
DGRGPKDHIVGCAFGPGVAVEMCMLKRHFPPGAEGTGLQTPPETESEESSERSDDGEASV
RSDDLDVEDEAAAVHTRRADAGVDSFIAQAISSVELD","Diahe1|3921","Endophytes","2-amino-5-chlorobenzoyl-coa","0"
"89","FerePKS","MSPSAMHNKVTPPYHRPNLYVHGIGVEYPPYEIKPEHLATLARRFYPSTPALEKVLRINE
YTGIDSRSAIGNIDHPIANAPEPPTIAELCDVFLDHGVKLSIDACRKAVKQWGGDLSEIT
HVVATTCTNSANPGYDHYVIKGLGLNPSIEKILLHGVGCSGGLGALRTAANIALGSSFRR
KPARILVFACEISSTLVRSELDSIHKNQEVRIGVTLFSDCASAVVLGNGFSDRYDEEPIL
ELLGWDHKVIEDTEKDLGFDVDPLGWKVVLTQRVPKLASAAVPGMFEDLVGSIPELVDLG
KFKASDYDWALHPGGATVITGVERAMNLKPELLRASYEVYITHGNSSSATIFSVMNRLLE
GETKDHIVACAFGPGIAVEMMMLKRSNQGSDSGTESPTETLVAEDVD","Foner1|4724","Other","2-amino-5-chlorobenzoyl-coa","1"
"90","TtonPKS","MPASKCANSPLVAPGLFIVSLGSQYPPYLLNHEKLTCFAERFYDIRRPGLRKLLQINAST
GIETRSSIRCYETGFACDSVPPSIADLDELFRRDGVDLTVQACMKAMKEAGVLPEQITHT
VGVTCTNQGNPGYDLLVNEKLGLPERTSRILLHGVGCAGGLSIMRVASQVACGETMRKRP
ACILAYACELCTPNVRHDLAEAEQCTDLSKVNIAGALFSDAAAAFILCNRTALEGINASP
IFELIEWDYALIPDTMQHLTSYTDPYGFRSVLTKDIPTYARAAIGPMFHRLLPSYEEQVF
AADMQLGVVNFDWAVHPGGKALIDGIQETMQLTEDQLRASREIYRTRGNSSSPTILSVLD
RLRTYEKKRGHVVAASFGPGMAIEMVMLKRCEVAGGER",NA,"Other","2-amino-5-chlorobenzoyl-coa","0"
"91","AiizPKS","MAPNGSSPPGLYITGLGSQYPPYLLDPEKLEILAAQFYDVQRPGLRKLLRINRSSGIETR
SAIHTYDNGFATKSTAPSISELDQFYRQAGVDLAVQACEKALQDADVPPGKITHTIGVTC
TNQGNPGYDLLVNRKLGLPASVDRMLLHGVGCAGGLAIMRAAAQIACGGSARGKPVRILA
FACELCTPNVRHELAAAEEAADPADICIAGALFSDAAAAFVLCNEYAIVEDDARPVYELV
EWGNGLIPDTVEHMAFYADVDGYQTVLTREVPQYVKHAINPMFTSLLPSYQRLVQSVPDA
EDAQVGSQLGISDFDWALHPGGQAIIEGAKQVLELSEDQLHVSREIYRTRGNSASATVLI
VLDRLRSLGKREHVVATSFGPGLAIEMAMLRRCEIEKD","Aspiiz1|328085","Aspergillus","4-cyclohexyl-4-oxobutyryl-coa","1"
"92","AthePKS","MTTQPALCITGLGHQYPPYLMTPDKFDQLAARFHDTERPGLKKLIQINHTTGIESRASIL
PYTTGFATQSIPPTITEINHFFRSAGVDLAVSACKKALRDARTPPAKITHTVAVTATNQG
CPGYDLLVAKKLGLRLSSSSARPALDRTLLSGVGCAGGLSVLRTAAQLACGASARGKPAR
ILAYACELCMPNGRHDLAEVAREGDPDGISIVAALFSDAAGAVVLCNEVALAEDREGGAD
PDSEDEDEEAVRPVYRLLQWGHDVIPDTIEHMGFTTEGDGYHTTLTRAVPEHVKKAIGPI
FSTLLPSYQQQLQSCTPETINKADQQLTIHDFEFALHPGGEAIIDGAKEVLGLTEDQIKV
TRETYRTKGNSSSPTVLILLDKLRSEANRKRENVVAASFGPGMTIEMAMLRRCEDDE","Aspth1|366720","Aspergillus","4-cyclohexyl-4-oxobutyryl-coa","1"
"93","AastPKS","MGNSLSSSPSPGQSPQPEIQLRGDEAIITGIATEWPSRLIGPEELNKYALKFYPENPPWL
QKLLMLNTKTGIETRAVIDLWDDPRWLGDQPPTAEEVDAAFREYGVELAKKAALKALRES
NIDPSSVTHMVSVTATNAGAPGYDQLVARDLGLPDRTERVLLSGVGCAGGCASLRLASAL
ADAATHRKKAARILIVACELCSIQIRSELHAASQSPITRIGPVIFSDGAAALVVCNSLGM
SDKTPKQFAIVDDKSVTTSETQEEMSVKVSTYGFLATFSKKIPELAIGSMKAPLQSLLQS
NGMSSASPTDFYWALHPGGRAIIEGVQAAFNLPEDSLSASYEIYKTRGNSSSVSILAVLE
KVREKKLQTPNVVACSFGTGIRTEIALLRRMA","Aspaste1|20971","Aspergillus","4-cyclohexyl-4-oxobutyryl-coa","1"
"94","XacuPKS1","MGANWSSPGETENHDGSRQEMSDRLTITGLGSEWPDLLVGPKHLQEYAESIYPADAPWLQ
KLLTVNAQTGVQTRAVLECWNDPMWRGPVPPTIEQVHEAFDKYAPPLTAGAARRALNESG
IAASAVTHMVSVTATNCKCPGYDHLVAKELGISGDAERSLISGSGCAGGLAALRVANSMA
CAASLRGRPARILVVACELSSINLRAELEAAHKSGKLRIGAALFSDGAAAVVLCNDLALT
EKTPRLFTIADWCQNVAAETYDEVSVTTVSQGFLVYLSRTLPKHAAAAVHRPLQRLFGQK
DLPSPTECDWALHAGGAAIIQGVAKSVGIPDHQLRATSAVYSTRGNTASVTVLAVLDKLR
TMGPGTEDVVMCSFGPGLTVEMARLKRHC","Xylacu1|452307","Endophytes","4-cyclohexyl-4-oxobutyryl-coa","0"
"95","HargPKS1",">CDS_3939
MGATWSSTEEIDNADGSKQEFSDRLTITGLGSEWPKLLVGAEQLREYAESIYPADAPWLQ
KLLMVNAQTGVKTRAVLECWNDPMWRGPVPPTIEQVHEAFDKYAPPLTAGAARRALSESG
IAASAITHMVSVTATNCKCPGYDHLVAKELGISGDAERSLIAGSGCAGGLAALRVANSMA
NGATLRGRPARILVVACELSSINLRAELEAANQSGKLRIGGALFSDGAAAVVLCNDLALT
EKMPRLFTIADWCQNVAAETYDEVSVTTVSQGFLVYLSRTLPKHAAAAVHRPLERLFGKK
DLPSPKECDWALHAGGAAIIQGVQKSVGIPDHQLRATSAVYSTRGNTASVTVLAVLDKLR
TMGPGTDDVVMCSFGPGLTVEMARLKRHC","Hyparg1|454749","Endophytes","4-cyclohexyl-4-oxobutyryl-coa","0"
"96","HypPKS",">CDS_6803
MASTNTFGELGLSIVGLGAQYPPNSLKPDELHKLATKyPDSPAMQKVLDINKYTGIETR
SSIGTSDHPVVNQPDAPSIAELHKVFISDGVPLAIEASRKAILEAGIDLSEITHIVSTTC
TDSANPGFDHFVAKGLGVTHSVEKVLLHGVGCAGGLAVLRTAANLALGHAMRRKPARILC
VTLEVSTTMVRSELNSINELQETRIGAALFSDCASALILSNGIGRPTAAPVYELLGWDHK
ILPESELDLGFDVDPVGWKVVLSPRVPKLATEILKPSFLELLESVPGLPAEYREAPDFDW
AMHPGGLTILTGAEKMMGISPEHMRASYDRYMNHGNSSSATIFSVMDRLRSKDMDAIAPG
GRPRDFVVGCAFGPGIAVEMCMLKRNMGRLGIQTPPETDSEASRSEAGTPGSEKTQGEQR
PTLGDEMFINEALANVELD","HyNC0597_1|672645","Endophytes","4-cyclohexyl-4-oxobutyryl-coa","0"
"97","PficPKS","METTNAFGELGLSIIGIASQYPPHSLKPDQVQHLAERFYPDSPAMQKVLSINRYTGIDTR
ASIGTSDHPLVNAKEAPSIAELHRTFMTDGVPLAVAASRKAISEAGIQLSDITHVVATTC
TDSANPGFDHFVLKELGVTHQVEKVLLHGVGCSGGLATLRTAANLALGHAARRKPARILC
VALEVSTTMVRSELDSVNQTQETRIGVTLFSDCGSAVILSNGLGQRTADPVYELLGWEHK
VIPDTDHDLGFDVDPVGWKVVLSPRVPKLAAQVLQPTFSELMRDVPDMGPKYREAADFDW
AMHPGGATILTGAEKAMSITPEHMRASYMTYMNHGNSSSATIFSVMDKLRSKGMDEMAPG
GRAKDFVVGCAFGPGITVEMCMLKRNLGITRPHDIQTPPDTDSEASASDVDATSEWASED
PKESVPDTPEPEMIEPVASHSRDEDFINEALSRVELD","Pesfi1|10058","Endophytes","4-cyclohexyl-4-oxobutyryl-coa","0"
"98","DhelPKS","MASPNRFGQLGLSILGVGSQYPPHNLKPDAIDTLATRFYPDSPSMKKMRAINQFTGIDTR
SSIGNPDHPVVNFPGPPSIAQLHEVFMSAGVPLAVSAARKAIAEAKIDLNEITHVVSTTC
TDSANPGYDHFVCEKLGVSNQVERVLLHGVGCAGGLTALRTAANLALGHTFRGKPARILV
LALEVSTTMVRSELESIDKLQETRIGVCLFSDGASAVVLSNGLGKASGPPVYDYLGWDNR
IIPDTTSDLGFDVDPVGWKVILTPRVPKIAQGALQETFSDLMSSLSLPPPWDDAKPSDFD
WAMHPGGATILSGAEKALGLVPEHMRASYDTYINHGNSSSATIFSVLDRLRSKDMDACTP
DGRGPKDHIVGCAFGPGVAVEMCMLKRHFPPGAEGTGLQTPPETESEESSERSDDGEASV
RSDDLDVEDEAAAVHTRRADAGVDSFIAQAISSVELD","Diahe1|3921","Endophytes","4-cyclohexyl-4-oxobutyryl-coa","1"
"99","FerePKS","MSPSAMHNKVTPPYHRPNLYVHGIGVEYPPYEIKPEHLATLARRFYPSTPALEKVLRINE
YTGIDSRSAIGNIDHPIANAPEPPTIAELCDVFLDHGVKLSIDACRKAVKQWGGDLSEIT
HVVATTCTNSANPGYDHYVIKGLGLNPSIEKILLHGVGCSGGLGALRTAANIALGSSFRR
KPARILVFACEISSTLVRSELDSIHKNQEVRIGVTLFSDCASAVVLGNGFSDRYDEEPIL
ELLGWDHKVIEDTEKDLGFDVDPLGWKVVLTQRVPKLASAAVPGMFEDLVGSIPELVDLG
KFKASDYDWALHPGGATVITGVERAMNLKPELLRASYEVYITHGNSSSATIFSVMNRLLE
GETKDHIVACAFGPGIAVEMMMLKRSNQGSDSGTESPTETLVAEDVD","Foner1|4724","Other","4-cyclohexyl-4-oxobutyryl-coa","1"
"100","TtonPKS","MPASKCANSPLVAPGLFIVSLGSQYPPYLLNHEKLTCFAERFYDIRRPGLRKLLQINAST
GIETRSSIRCYETGFACDSVPPSIADLDELFRRDGVDLTVQACMKAMKEAGVLPEQITHT
VGVTCTNQGNPGYDLLVNEKLGLPERTSRILLHGVGCAGGLSIMRVASQVACGETMRKRP
ACILAYACELCTPNVRHDLAEAEQCTDLSKVNIAGALFSDAAAAFILCNRTALEGINASP
IFELIEWDYALIPDTMQHLTSYTDPYGFRSVLTKDIPTYARAAIGPMFHRLLPSYEEQVF
AADMQLGVVNFDWAVHPGGKALIDGIQETMQLTEDQLRASREIYRTRGNSSSPTILSVLD
RLRTYEKKRGHVVAASFGPGMAIEMVMLKRCEVAGGER",NA,"Other","4-cyclohexyl-4-oxobutyryl-coa","0"
"101","AiizPKS","MAPNGSSPPGLYITGLGSQYPPYLLDPEKLEILAAQFYDVQRPGLRKLLRINRSSGIETR
SAIHTYDNGFATKSTAPSISELDQFYRQAGVDLAVQACEKALQDADVPPGKITHTIGVTC
TNQGNPGYDLLVNRKLGLPASVDRMLLHGVGCAGGLAIMRAAAQIACGGSARGKPVRILA
FACELCTPNVRHELAAAEEAADPADICIAGALFSDAAAAFVLCNEYAIVEDDARPVYELV
EWGNGLIPDTVEHMAFYADVDGYQTVLTREVPQYVKHAINPMFTSLLPSYQRLVQSVPDA
EDAQVGSQLGISDFDWALHPGGQAIIEGAKQVLELSEDQLHVSREIYRTRGNSASATVLI
VLDRLRSLGKREHVVATSFGPGLAIEMAMLRRCEIEKD","Aspiiz1|328085","Aspergillus","4-cyclopentyl-4-oxobutyryl-coa","1"
"102","AthePKS","MTTQPALCITGLGHQYPPYLMTPDKFDQLAARFHDTERPGLKKLIQINHTTGIESRASIL
PYTTGFATQSIPPTITEINHFFRSAGVDLAVSACKKALRDARTPPAKITHTVAVTATNQG
CPGYDLLVAKKLGLRLSSSSARPALDRTLLSGVGCAGGLSVLRTAAQLACGASARGKPAR
ILAYACELCMPNGRHDLAEVAREGDPDGISIVAALFSDAAGAVVLCNEVALAEDREGGAD
PDSEDEDEEAVRPVYRLLQWGHDVIPDTIEHMGFTTEGDGYHTTLTRAVPEHVKKAIGPI
FSTLLPSYQQQLQSCTPETINKADQQLTIHDFEFALHPGGEAIIDGAKEVLGLTEDQIKV
TRETYRTKGNSSSPTVLILLDKLRSEANRKRENVVAASFGPGMTIEMAMLRRCEDDE","Aspth1|366720","Aspergillus","4-cyclopentyl-4-oxobutyryl-coa","1"
"103","AastPKS","MGNSLSSSPSPGQSPQPEIQLRGDEAIITGIATEWPSRLIGPEELNKYALKFYPENPPWL
QKLLMLNTKTGIETRAVIDLWDDPRWLGDQPPTAEEVDAAFREYGVELAKKAALKALRES
NIDPSSVTHMVSVTATNAGAPGYDQLVARDLGLPDRTERVLLSGVGCAGGCASLRLASAL
ADAATHRKKAARILIVACELCSIQIRSELHAASQSPITRIGPVIFSDGAAALVVCNSLGM
SDKTPKQFAIVDDKSVTTSETQEEMSVKVSTYGFLATFSKKIPELAIGSMKAPLQSLLQS
NGMSSASPTDFYWALHPGGRAIIEGVQAAFNLPEDSLSASYEIYKTRGNSSSVSILAVLE
KVREKKLQTPNVVACSFGTGIRTEIALLRRMA","Aspaste1|20971","Aspergillus","4-cyclopentyl-4-oxobutyryl-coa","1"
"104","XacuPKS1","MGANWSSPGETENHDGSRQEMSDRLTITGLGSEWPDLLVGPKHLQEYAESIYPADAPWLQ
KLLTVNAQTGVQTRAVLECWNDPMWRGPVPPTIEQVHEAFDKYAPPLTAGAARRALNESG
IAASAVTHMVSVTATNCKCPGYDHLVAKELGISGDAERSLISGSGCAGGLAALRVANSMA
CAASLRGRPARILVVACELSSINLRAELEAAHKSGKLRIGAALFSDGAAAVVLCNDLALT
EKTPRLFTIADWCQNVAAETYDEVSVTTVSQGFLVYLSRTLPKHAAAAVHRPLQRLFGQK
DLPSPTECDWALHAGGAAIIQGVAKSVGIPDHQLRATSAVYSTRGNTASVTVLAVLDKLR
TMGPGTEDVVMCSFGPGLTVEMARLKRHC","Xylacu1|452307","Endophytes","4-cyclopentyl-4-oxobutyryl-coa","1"
"105","HargPKS1",">CDS_3939
MGATWSSTEEIDNADGSKQEFSDRLTITGLGSEWPKLLVGAEQLREYAESIYPADAPWLQ
KLLMVNAQTGVKTRAVLECWNDPMWRGPVPPTIEQVHEAFDKYAPPLTAGAARRALSESG
IAASAITHMVSVTATNCKCPGYDHLVAKELGISGDAERSLIAGSGCAGGLAALRVANSMA
NGATLRGRPARILVVACELSSINLRAELEAANQSGKLRIGGALFSDGAAAVVLCNDLALT
EKMPRLFTIADWCQNVAAETYDEVSVTTVSQGFLVYLSRTLPKHAAAAVHRPLERLFGKK
DLPSPKECDWALHAGGAAIIQGVQKSVGIPDHQLRATSAVYSTRGNTASVTVLAVLDKLR
TMGPGTDDVVMCSFGPGLTVEMARLKRHC","Hyparg1|454749","Endophytes","4-cyclopentyl-4-oxobutyryl-coa","1"
"106","HypPKS",">CDS_6803
MASTNTFGELGLSIVGLGAQYPPNSLKPDELHKLATKyPDSPAMQKVLDINKYTGIETR
SSIGTSDHPVVNQPDAPSIAELHKVFISDGVPLAIEASRKAILEAGIDLSEITHIVSTTC
TDSANPGFDHFVAKGLGVTHSVEKVLLHGVGCAGGLAVLRTAANLALGHAMRRKPARILC
VTLEVSTTMVRSELNSINELQETRIGAALFSDCASALILSNGIGRPTAAPVYELLGWDHK
ILPESELDLGFDVDPVGWKVVLSPRVPKLATEILKPSFLELLESVPGLPAEYREAPDFDW
AMHPGGLTILTGAEKMMGISPEHMRASYDRYMNHGNSSSATIFSVMDRLRSKDMDAIAPG
GRPRDFVVGCAFGPGIAVEMCMLKRNMGRLGIQTPPETDSEASRSEAGTPGSEKTQGEQR
PTLGDEMFINEALANVELD","HyNC0597_1|672645","Endophytes","4-cyclopentyl-4-oxobutyryl-coa","0"
"107","PficPKS","METTNAFGELGLSIIGIASQYPPHSLKPDQVQHLAERFYPDSPAMQKVLSINRYTGIDTR
ASIGTSDHPLVNAKEAPSIAELHRTFMTDGVPLAVAASRKAISEAGIQLSDITHVVATTC
TDSANPGFDHFVLKELGVTHQVEKVLLHGVGCSGGLATLRTAANLALGHAARRKPARILC
VALEVSTTMVRSELDSVNQTQETRIGVTLFSDCGSAVILSNGLGQRTADPVYELLGWEHK
VIPDTDHDLGFDVDPVGWKVVLSPRVPKLAAQVLQPTFSELMRDVPDMGPKYREAADFDW
AMHPGGATILTGAEKAMSITPEHMRASYMTYMNHGNSSSATIFSVMDKLRSKGMDEMAPG
GRAKDFVVGCAFGPGITVEMCMLKRNLGITRPHDIQTPPDTDSEASASDVDATSEWASED
PKESVPDTPEPEMIEPVASHSRDEDFINEALSRVELD","Pesfi1|10058","Endophytes","4-cyclopentyl-4-oxobutyryl-coa","0"
"108","DhelPKS","MASPNRFGQLGLSILGVGSQYPPHNLKPDAIDTLATRFYPDSPSMKKMRAINQFTGIDTR
SSIGNPDHPVVNFPGPPSIAQLHEVFMSAGVPLAVSAARKAIAEAKIDLNEITHVVSTTC
TDSANPGYDHFVCEKLGVSNQVERVLLHGVGCAGGLTALRTAANLALGHTFRGKPARILV
LALEVSTTMVRSELESIDKLQETRIGVCLFSDGASAVVLSNGLGKASGPPVYDYLGWDNR
IIPDTTSDLGFDVDPVGWKVILTPRVPKIAQGALQETFSDLMSSLSLPPPWDDAKPSDFD
WAMHPGGATILSGAEKALGLVPEHMRASYDTYINHGNSSSATIFSVLDRLRSKDMDACTP
DGRGPKDHIVGCAFGPGVAVEMCMLKRHFPPGAEGTGLQTPPETESEESSERSDDGEASV
RSDDLDVEDEAAAVHTRRADAGVDSFIAQAISSVELD","Diahe1|3921","Endophytes","4-cyclopentyl-4-oxobutyryl-coa","1"
"109","FerePKS","MSPSAMHNKVTPPYHRPNLYVHGIGVEYPPYEIKPEHLATLARRFYPSTPALEKVLRINE
YTGIDSRSAIGNIDHPIANAPEPPTIAELCDVFLDHGVKLSIDACRKAVKQWGGDLSEIT
HVVATTCTNSANPGYDHYVIKGLGLNPSIEKILLHGVGCSGGLGALRTAANIALGSSFRR
KPARILVFACEISSTLVRSELDSIHKNQEVRIGVTLFSDCASAVVLGNGFSDRYDEEPIL
ELLGWDHKVIEDTEKDLGFDVDPLGWKVVLTQRVPKLASAAVPGMFEDLVGSIPELVDLG
KFKASDYDWALHPGGATVITGVERAMNLKPELLRASYEVYITHGNSSSATIFSVMNRLLE
GETKDHIVACAFGPGIAVEMMMLKRSNQGSDSGTESPTETLVAEDVD","Foner1|4724","Other","4-cyclopentyl-4-oxobutyryl-coa","1"
"110","TtonPKS","MPASKCANSPLVAPGLFIVSLGSQYPPYLLNHEKLTCFAERFYDIRRPGLRKLLQINAST
GIETRSSIRCYETGFACDSVPPSIADLDELFRRDGVDLTVQACMKAMKEAGVLPEQITHT
VGVTCTNQGNPGYDLLVNEKLGLPERTSRILLHGVGCAGGLSIMRVASQVACGETMRKRP
ACILAYACELCTPNVRHDLAEAEQCTDLSKVNIAGALFSDAAAAFILCNRTALEGINASP
IFELIEWDYALIPDTMQHLTSYTDPYGFRSVLTKDIPTYARAAIGPMFHRLLPSYEEQVF
AADMQLGVVNFDWAVHPGGKALIDGIQETMQLTEDQLRASREIYRTRGNSSSPTILSVLD
RLRTYEKKRGHVVAASFGPGMAIEMVMLKRCEVAGGER",NA,"Other","4-cyclopentyl-4-oxobutyryl-coa","1"
"111","AiizPKS","MAPNGSSPPGLYITGLGSQYPPYLLDPEKLEILAAQFYDVQRPGLRKLLRINRSSGIETR
SAIHTYDNGFATKSTAPSISELDQFYRQAGVDLAVQACEKALQDADVPPGKITHTIGVTC
TNQGNPGYDLLVNRKLGLPASVDRMLLHGVGCAGGLAIMRAAAQIACGGSARGKPVRILA
FACELCTPNVRHELAAAEEAADPADICIAGALFSDAAAAFVLCNEYAIVEDDARPVYELV
EWGNGLIPDTVEHMAFYADVDGYQTVLTREVPQYVKHAINPMFTSLLPSYQRLVQSVPDA
EDAQVGSQLGISDFDWALHPGGQAIIEGAKQVLELSEDQLHVSREIYRTRGNSASATVLI
VLDRLRSLGKREHVVATSFGPGLAIEMAMLRRCEIEKD","Aspiiz1|328085","Aspergillus","trans-2-Phenylcyclopropane-1-carboxylyl-coa","1"
"112","AthePKS","MTTQPALCITGLGHQYPPYLMTPDKFDQLAARFHDTERPGLKKLIQINHTTGIESRASIL
PYTTGFATQSIPPTITEINHFFRSAGVDLAVSACKKALRDARTPPAKITHTVAVTATNQG
CPGYDLLVAKKLGLRLSSSSARPALDRTLLSGVGCAGGLSVLRTAAQLACGASARGKPAR
ILAYACELCMPNGRHDLAEVAREGDPDGISIVAALFSDAAGAVVLCNEVALAEDREGGAD
PDSEDEDEEAVRPVYRLLQWGHDVIPDTIEHMGFTTEGDGYHTTLTRAVPEHVKKAIGPI
FSTLLPSYQQQLQSCTPETINKADQQLTIHDFEFALHPGGEAIIDGAKEVLGLTEDQIKV
TRETYRTKGNSSSPTVLILLDKLRSEANRKRENVVAASFGPGMTIEMAMLRRCEDDE","Aspth1|366720","Aspergillus","trans-2-Phenylcyclopropane-1-carboxylyl-coa","0"
"113","AastPKS","MGNSLSSSPSPGQSPQPEIQLRGDEAIITGIATEWPSRLIGPEELNKYALKFYPENPPWL
QKLLMLNTKTGIETRAVIDLWDDPRWLGDQPPTAEEVDAAFREYGVELAKKAALKALRES
NIDPSSVTHMVSVTATNAGAPGYDQLVARDLGLPDRTERVLLSGVGCAGGCASLRLASAL
ADAATHRKKAARILIVACELCSIQIRSELHAASQSPITRIGPVIFSDGAAALVVCNSLGM
SDKTPKQFAIVDDKSVTTSETQEEMSVKVSTYGFLATFSKKIPELAIGSMKAPLQSLLQS
NGMSSASPTDFYWALHPGGRAIIEGVQAAFNLPEDSLSASYEIYKTRGNSSSVSILAVLE
KVREKKLQTPNVVACSFGTGIRTEIALLRRMA","Aspaste1|20971","Aspergillus","trans-2-Phenylcyclopropane-1-carboxylyl-coa","1"
"114","XacuPKS1","MGANWSSPGETENHDGSRQEMSDRLTITGLGSEWPDLLVGPKHLQEYAESIYPADAPWLQ
KLLTVNAQTGVQTRAVLECWNDPMWRGPVPPTIEQVHEAFDKYAPPLTAGAARRALNESG
IAASAVTHMVSVTATNCKCPGYDHLVAKELGISGDAERSLISGSGCAGGLAALRVANSMA
CAASLRGRPARILVVACELSSINLRAELEAAHKSGKLRIGAALFSDGAAAVVLCNDLALT
EKTPRLFTIADWCQNVAAETYDEVSVTTVSQGFLVYLSRTLPKHAAAAVHRPLQRLFGQK
DLPSPTECDWALHAGGAAIIQGVAKSVGIPDHQLRATSAVYSTRGNTASVTVLAVLDKLR
TMGPGTEDVVMCSFGPGLTVEMARLKRHC","Xylacu1|452307","Endophytes","trans-2-Phenylcyclopropane-1-carboxylyl-coa","1"
"115","HargPKS1",">CDS_3939
MGATWSSTEEIDNADGSKQEFSDRLTITGLGSEWPKLLVGAEQLREYAESIYPADAPWLQ
KLLMVNAQTGVKTRAVLECWNDPMWRGPVPPTIEQVHEAFDKYAPPLTAGAARRALSESG
IAASAITHMVSVTATNCKCPGYDHLVAKELGISGDAERSLIAGSGCAGGLAALRVANSMA
NGATLRGRPARILVVACELSSINLRAELEAANQSGKLRIGGALFSDGAAAVVLCNDLALT
EKMPRLFTIADWCQNVAAETYDEVSVTTVSQGFLVYLSRTLPKHAAAAVHRPLERLFGKK
DLPSPKECDWALHAGGAAIIQGVQKSVGIPDHQLRATSAVYSTRGNTASVTVLAVLDKLR
TMGPGTDDVVMCSFGPGLTVEMARLKRHC","Hyparg1|454749","Endophytes","trans-2-Phenylcyclopropane-1-carboxylyl-coa","1"
"116","HypPKS",">CDS_6803
MASTNTFGELGLSIVGLGAQYPPNSLKPDELHKLATKyPDSPAMQKVLDINKYTGIETR
SSIGTSDHPVVNQPDAPSIAELHKVFISDGVPLAIEASRKAILEAGIDLSEITHIVSTTC
TDSANPGFDHFVAKGLGVTHSVEKVLLHGVGCAGGLAVLRTAANLALGHAMRRKPARILC
VTLEVSTTMVRSELNSINELQETRIGAALFSDCASALILSNGIGRPTAAPVYELLGWDHK
ILPESELDLGFDVDPVGWKVVLSPRVPKLATEILKPSFLELLESVPGLPAEYREAPDFDW
AMHPGGLTILTGAEKMMGISPEHMRASYDRYMNHGNSSSATIFSVMDRLRSKDMDAIAPG
GRPRDFVVGCAFGPGIAVEMCMLKRNMGRLGIQTPPETDSEASRSEAGTPGSEKTQGEQR
PTLGDEMFINEALANVELD","HyNC0597_1|672645","Endophytes","trans-2-Phenylcyclopropane-1-carboxylyl-coa","0"
"117","PficPKS","METTNAFGELGLSIIGIASQYPPHSLKPDQVQHLAERFYPDSPAMQKVLSINRYTGIDTR
ASIGTSDHPLVNAKEAPSIAELHRTFMTDGVPLAVAASRKAISEAGIQLSDITHVVATTC
TDSANPGFDHFVLKELGVTHQVEKVLLHGVGCSGGLATLRTAANLALGHAARRKPARILC
VALEVSTTMVRSELDSVNQTQETRIGVTLFSDCGSAVILSNGLGQRTADPVYELLGWEHK
VIPDTDHDLGFDVDPVGWKVVLSPRVPKLAAQVLQPTFSELMRDVPDMGPKYREAADFDW
AMHPGGATILTGAEKAMSITPEHMRASYMTYMNHGNSSSATIFSVMDKLRSKGMDEMAPG
GRAKDFVVGCAFGPGITVEMCMLKRNLGITRPHDIQTPPDTDSEASASDVDATSEWASED
PKESVPDTPEPEMIEPVASHSRDEDFINEALSRVELD","Pesfi1|10058","Endophytes","trans-2-Phenylcyclopropane-1-carboxylyl-coa","0"
"118","DhelPKS","MASPNRFGQLGLSILGVGSQYPPHNLKPDAIDTLATRFYPDSPSMKKMRAINQFTGIDTR
SSIGNPDHPVVNFPGPPSIAQLHEVFMSAGVPLAVSAARKAIAEAKIDLNEITHVVSTTC
TDSANPGYDHFVCEKLGVSNQVERVLLHGVGCAGGLTALRTAANLALGHTFRGKPARILV
LALEVSTTMVRSELESIDKLQETRIGVCLFSDGASAVVLSNGLGKASGPPVYDYLGWDNR
IIPDTTSDLGFDVDPVGWKVILTPRVPKIAQGALQETFSDLMSSLSLPPPWDDAKPSDFD
WAMHPGGATILSGAEKALGLVPEHMRASYDTYINHGNSSSATIFSVLDRLRSKDMDACTP
DGRGPKDHIVGCAFGPGVAVEMCMLKRHFPPGAEGTGLQTPPETESEESSERSDDGEASV
RSDDLDVEDEAAAVHTRRADAGVDSFIAQAISSVELD","Diahe1|3921","Endophytes","trans-2-Phenylcyclopropane-1-carboxylyl-coa","0"
"119","FerePKS","MSPSAMHNKVTPPYHRPNLYVHGIGVEYPPYEIKPEHLATLARRFYPSTPALEKVLRINE
YTGIDSRSAIGNIDHPIANAPEPPTIAELCDVFLDHGVKLSIDACRKAVKQWGGDLSEIT
HVVATTCTNSANPGYDHYVIKGLGLNPSIEKILLHGVGCSGGLGALRTAANIALGSSFRR
KPARILVFACEISSTLVRSELDSIHKNQEVRIGVTLFSDCASAVVLGNGFSDRYDEEPIL
ELLGWDHKVIEDTEKDLGFDVDPLGWKVVLTQRVPKLASAAVPGMFEDLVGSIPELVDLG
KFKASDYDWALHPGGATVITGVERAMNLKPELLRASYEVYITHGNSSSATIFSVMNRLLE
GETKDHIVACAFGPGIAVEMMMLKRSNQGSDSGTESPTETLVAEDVD","Foner1|4724","Other","trans-2-Phenylcyclopropane-1-carboxylyl-coa","1"
"120","TtonPKS","MPASKCANSPLVAPGLFIVSLGSQYPPYLLNHEKLTCFAERFYDIRRPGLRKLLQINAST
GIETRSSIRCYETGFACDSVPPSIADLDELFRRDGVDLTVQACMKAMKEAGVLPEQITHT
VGVTCTNQGNPGYDLLVNEKLGLPERTSRILLHGVGCAGGLSIMRVASQVACGETMRKRP
ACILAYACELCTPNVRHDLAEAEQCTDLSKVNIAGALFSDAAAAFILCNRTALEGINASP
IFELIEWDYALIPDTMQHLTSYTDPYGFRSVLTKDIPTYARAAIGPMFHRLLPSYEEQVF
AADMQLGVVNFDWAVHPGGKALIDGIQETMQLTEDQLRASREIYRTRGNSSSPTILSVLD
RLRTYEKKRGHVVAASFGPGMAIEMVMLKRCEVAGGER",NA,"Other","trans-2-Phenylcyclopropane-1-carboxylyl-coa","1"
